proj_ep_id,ep_id,series,ep_title,season,order_ep,air_date,avg_rating,num_votes,popularity
0010100,tt0059753,TOS,The Cage,1,0,1988-10-04,7.6,7924,
0010103,tt0061027,TOS,Mudd’s Women,1,3,1966-10-13,7.7,7140,
0030101,tt0094030,TNG,Encounter at Farpoint,1,1,1987-09-28,6.9,7997,
0040101,tt0108214,DS9,Emissary,1,1,1993-01-03,7.6,5058,
0030725,tt0111281,TNG,All Good Things…,7,25,1994-05-23,9.1,9755,
0050101,tt0114530,VOY,Caretaker,1,1,1995-01-16,7.4,4629,
0030518,tt0162905,TNG,Cause and Effect,5,18,1992-03-23,8.9,5339,
0030501,tt0170501,TNG,Redemption II,5,1,1991-09-23,8.4,3884,
0060101,tt0286610,ENT,Broken Bow,1,1,2001-09-26,7.6,5175,
0010113,tt0394903,TOS,The Galileo Seven,1,13,1967-01-05,7.1,4769,
0010111,tt0394904,TOS,Miri,1,11,1966-10-27,8.2,5493,
0010108,tt0394905,TOS,Balance of Terror,1,8,1966-12-15,6.9,5063,
0040401,tt0394906,DS9,The Way of the Warrior,4,1,1995-10-02,9.0,3370,
0040725,tt0394907,DS9,What You Leave Behind,7,25,1999-06-02,8.9,2975,
0050316,tt0394908,VOY,Blood Fever,3,16,1997-02-05,7.1,2144,
0050510,tt0394909,VOY,Counterpoint,5,10,1998-12-16,7.9,2434,
0050515,tt0394910,VOY,Dark Frontier,5,15,1999-02-17,8.5,2549,
0050724,tt0394911,VOY,Renaissance Man,7,24,2001-05-16,8.6,3129,
0050709,tt0394912,VOY,Flesh and Blood,7,9,2000-11-29,7.6,2061,
0050418,tt0394913,VOY,The Killing Game,4,18,1998-03-04,7.6,2327,
0050711,tt0394914,VOY,Shattered,7,11,2001-01-17,7.0,2021,
0050307,tt0394915,VOY,Sacred Ground,3,7,1996-10-30,5.8,2316,
0050715,tt0394916,VOY,The Void,7,15,2001-02-14,7.6,2026,
0060205,tt0572172,ENT,A Night in Sickbay,2,5,2002-10-16,6.6,2132,
0060119,tt0572173,ENT,Acquisition,1,19,2002-03-27,7.5,2202,
0060415,tt0572174,ENT,Affliction,4,15,2005-02-18,7.8,1768,
0060302,tt0572175,ENT,Anomaly,3,2,2003-09-17,7.7,1853,
0060408,tt0572176,ENT,Awakening,4,8,2004-11-26,8.0,1827,
0060318,tt0572177,ENT,Azati Prime,3,18,2004-03-03,8.5,1951,
0060412,tt0572178,ENT,Babel One,4,12,2005-01-28,8.4,1857,
0060404,tt0572179,ENT,Borderland,4,4,2004-10-29,7.7,1922,
0060417,tt0572180,ENT,Bound,4,17,2005-04-15,6.8,1810,
0060225,tt0572181,ENT,Bounty,2,25,2003-05-14,6.9,1781,
0060108,tt0572182,ENT,Breaking the Ice,1,8,2001-11-07,7.1,2172,
0060217,tt0572185,ENT,Canamar,2,17,2003-02-26,6.8,1804,
0060202,tt0572186,ENT,Carbon Creek,2,2,2002-09-25,8.5,2729,
0060311,tt0572187,ENT,Carpenter Street,3,11,2003-11-26,7.4,1982,
0060215,tt0572188,ENT,Cease Fire,2,15,2003-02-12,7.9,1997,
0060312,tt0572189,ENT,Chosen Realm,3,12,2004-01-14,6.7,1883,
0060109,tt0572190,ENT,Civilization,1,9,2001-11-14,7.2,2216,
0060222,tt0572191,ENT,Cogenitor,2,22,2003-04-30,7.6,2305,
0060111,tt0572192,ENT,Cold Front,1,11,2001-11-28,7.6,2158,
0060405,tt0572193,ENT,Cold Station 12,4,5,2004-11-05,7.7,1832,
0060323,tt0572194,ENT,Countdown,3,23,2004-05-19,8.5,1824,
0060410,tt0572195,ENT,Daedalus,4,10,2005-01-14,6.2,1793,
0060319,tt0572196,ENT,Damage,3,19,2004-04-21,8.1,1859,
0060213,tt0572197,ENT,Dawn,2,13,2003-01-08,7.3,1897,
0060204,tt0572198,ENT,Dead Stop,2,4,2002-10-09,8.0,2192,
0060113,tt0572199,ENT,Dear Doctor,1,13,2002-01-23,8.0,2410,
0060420,tt0572200,ENT,Demons,4,20,2005-05-06,7.6,1744,
0060124,tt0572201,ENT,Desert Crossing,1,24,2002-05-08,6.8,1924,
0060121,tt0572202,ENT,Detained,1,21,2002-04-24,7.3,1976,
0060416,tt0572203,ENT,Divergence,4,16,2005-02-25,7.9,1737,
0060316,tt0572204,ENT,Doctor’s Orders,3,16,2004-02-18,7.4,1887,
0060321,tt0572205,ENT,E²,3,21,2004-05-05,7.9,1897,
0060306,tt0572206,ENT,Exile,3,6,2003-10-15,6.8,1823,
0060303,tt0572207,ENT,Extinction,3,3,2003-09-24,6.0,1918,
0060123,tt0572208,ENT,Fallen Hero,1,23,2002-05-08,8.0,2129,
0060103,tt0572209,ENT,Fight or Flight,1,3,2001-10-03,7.0,2339,
0060224,tt0572210,ENT,First Flight,2,24,2003-05-14,7.5,1912,
0060110,tt0572211,ENT,Fortunate Son,1,10,2001-11-21,6.5,2102,
0060117,tt0572212,ENT,Fusion,1,17,2002-02-27,7.0,2047,
0060216,tt0572213,ENT,Future Tense,2,16,2003-02-19,8.1,1975,
0060315,tt0572214,ENT,Harbinger,3,15,2004-02-11,7.3,1870,
0060317,tt0572215,ENT,Hatchery,3,17,2004-02-25,6.6,1783,
0060403,tt0572216,ENT,Home,4,3,2004-10-22,7.8,2482,
0060220,tt0572217,ENT,Horizon,2,20,2003-04-16,6.5,1805,
0060305,tt0572218,ENT,Impulse,3,5,2003-10-08,7.4,1912,
0060418,tt0572219,ENT,"In a Mirror, Darkly",4,18,2005-04-22,8.2,2284,
0060419,tt0572220,ENT,"In a Mirror, Darkly, Part II",4,19,2005-04-29,8.1,2151,
0060219,tt0572221,ENT,Judgment,2,19,2003-04-09,7.6,1944,
0060409,tt0572222,ENT,Kir’Shara,4,9,2004-12-03,8.4,1879,
0060206,tt0572223,ENT,Marauders,2,6,2002-10-30,6.6,1967,
0060203,tt0572224,ENT,Minefield,2,3,2002-10-02,7.4,2033,
0060309,tt0572225,ENT,North Star,3,9,2003-11-12,6.9,2004,
0060120,tt0572226,ENT,Oasis,1,20,2002-04-03,7.0,2020,
0060211,tt0572227,ENT,Precious Cargo,2,11,2002-12-11,6.4,2014,
0060313,tt0572228,ENT,Proving Ground,3,13,2004-01-21,8.4,1997,
0060304,tt0572229,ENT,Rajiin,3,4,2003-10-01,6.9,1859,
0060223,tt0572230,ENT,Regeneration,2,23,2003-05-07,8.5,2857,
0060118,tt0572231,ENT,Rogue Planet,1,18,2002-03-20,6.5,2021,
0060115,tt0572232,ENT,Shadows of P’Jem,1,15,2002-02-06,7.7,2111,
0060126,tt0572233,ENT,Shockwave,1,26,2002-05-22,8.3,2093,
0060201,tt0572234,ENT,"Shockwave, Part II",2,1,2002-09-18,8.2,2595,
0060112,tt0572235,ENT,Silent Enemy,1,12,2002-01-16,7.5,2148,
0060310,tt0572236,ENT,Similitude,3,10,2003-11-19,8.4,2410,
0060209,tt0572237,ENT,Singularity,2,9,2002-11-20,7.4,1938,
0060114,tt0572238,ENT,Sleeping Dogs,1,14,2002-01-30,7.1,2017,
0060214,tt0572239,ENT,Stigma,2,14,2003-02-05,7.5,2004,
0060401,tt0572240,ENT,Storm Front,4,1,2004-10-08,7.3,1952,
0060402,tt0572241,ENT,"Storm Front, Part II",4,2,2004-10-15,7.3,1885,
0060104,tt0572242,ENT,Strange New World,1,4,2001-10-10,6.9,2339,
0060314,tt0572243,ENT,Stratagem,3,14,2004-02-04,8.1,1890,
0060106,tt0572244,ENT,Terra Nova,1,6,2001-10-24,6.5,2270,
0060421,tt0572245,ENT,Terra Prime,4,21,2005-05-13,8.1,1846,
0060414,tt0572246,ENT,The Aenar,4,14,2005-02-11,8.2,1828,
0060107,tt0572247,ENT,The Andorian Incident,1,7,2001-10-31,8.0,2450,
0060406,tt0572248,ENT,The Augments,4,6,2004-11-12,7.8,1852,
0060221,tt0572249,ENT,The Breach,2,21,2003-04-23,7.0,1769,
0060212,tt0572250,ENT,The Catwalk,2,12,2002-12-18,7.4,1921,
0060208,tt0572251,ENT,The Communicator,2,8,2002-11-13,6.9,1872,
0060322,tt0572252,ENT,The Council,3,22,2004-05-12,8.4,1811,
0060218,tt0572253,ENT,The Crossing,2,18,2003-04-02,6.9,1838,
0060226,tt0572254,ENT,The Expanse,2,26,2003-05-21,8.2,1949,
0060407,tt0572255,ENT,The Forge,4,7,2004-11-19,8.2,1870,
0060320,tt0572256,ENT,The Forgotten,3,20,2004-04-28,7.9,1805,
0060207,tt0572257,ENT,The Seventh,2,7,2002-11-06,6.8,1873,
0060307,tt0572258,ENT,The Shipment,3,7,2003-10-29,7.5,1815,
0060301,tt0572259,ENT,The Xindi,3,1,2003-09-10,7.7,1944,
0060422,tt0572260,ENT,These Are the Voyages…,4,22,2005-05-13,5.3,2881,
0060308,tt0572261,ENT,Twilight,3,8,2003-11-05,8.6,2443,
0060125,tt0572262,ENT,Two Days and Two Nights,1,25,2002-05-15,6.6,2021,
0060105,tt0572263,ENT,Unexpected,1,5,2001-10-17,7.2,2407,
0060413,tt0572264,ENT,United,4,13,2005-02-04,8.4,1845,
0060210,tt0572265,ENT,Vanishing Point,2,10,2002-11-27,6.9,1951,
0060122,tt0572266,ENT,Vox Sola,1,22,2002-05-01,6.7,1986,
0060324,tt0572267,ENT,Zero Hour,3,24,2004-05-26,8.5,1904,
0010217,tt0708412,TOS,The Gamesters of Triskelion,2,17,1968-01-05,7.7,4323,
0010219,tt0708413,TOS,The Immunity Syndrome,2,19,1968-01-19,6.7,3716,
0010123,tt0708414,TOS,A Taste of Armageddon,1,23,1967-02-23,8.0,4721,
0010323,tt0708415,TOS,All Our Yesterdays,3,23,1969-03-14,8.1,3844,
0010201,tt0708416,TOS,Catspaw,2,1,1967-10-27,8.6,5355,
0010304,tt0708417,TOS,The Enterprise Incident,3,4,1968-09-27,5.2,3823,
0010118,tt0708418,TOS,The Squire of Gothos,1,18,1967-01-12,7.9,5101,
0010226,tt0708419,TOS,Assignment: Earth,2,26,1968-03-29,7.6,4255,
0010114,tt0708420,TOS,Court Martial,1,14,1967-02-02,8.8,6406,
0010225,tt0708421,TOS,The Omega Glory,2,25,1968-03-01,7.0,3710,
0010222,tt0708422,TOS,Return to Tomorrow,2,22,1968-02-09,7.5,3843,
0010207,tt0708423,TOS,Wolf in the Fold,2,7,1967-12-22,6.2,4077,
0010102,tt0708424,TOS,The Corbomite Maneuver,1,2,1966-11-10,7.0,6183,
0010120,tt0708425,TOS,The Alternative Factor,1,20,1967-03-30,7.4,4495,
0010109,tt0708426,TOS,What Are Little Girls Made Of?,1,9,1966-10-20,7.4,4909,
0010307,tt0708427,TOS,Is There in Truth No Beauty?,3,7,1968-10-18,7.7,3774,
0010313,tt0708428,TOS,Wink of an Eye,3,13,1968-11-29,7.0,3579,
0010126,tt0708429,TOS,The Devil in the Dark,1,26,1967-03-09,8.1,4578,
0010308,tt0708430,TOS,The Empath,3,8,1968-12-06,7.1,3532,
0010211,tt0708431,TOS,The Deadly Years,2,11,1967-12-08,6.7,3845,
0010208,tt0708432,TOS,The Changeling,2,8,1967-09-29,7.3,4240,
0010305,tt0708433,TOS,And the Children Shall Lead,3,5,1968-10-11,6.9,3627,
0010210,tt0708434,TOS,"Mirror, Mirror",2,10,1967-10-06,8.5,4551,
0010315,tt0708435,TOS,Let That Be Your Last Battlefield,3,15,1969-01-10,7.1,3683,
0010209,tt0708436,TOS,The Apple,2,9,1967-10-13,7.2,4113,
0010204,tt0708438,TOS,Who Mourns for Adonais?,2,4,1967-09-22,9.0,5762,
0010106,tt0708439,TOS,The Naked Time,1,6,1966-09-29,6.7,5407,
0010213,tt0708440,TOS,The Trouble with Tribbles,2,13,1967-12-29,7.2,3720,
0010129,tt0708441,TOS,Operation ‐‐ Annihilate!,1,29,1967-04-13,7.5,4165,
0010221,tt0708442,TOS,By Any Other Name,2,21,1968-02-23,7.5,3928,
0010310,tt0708443,TOS,For the World Is Hollow and I Have Touched the Sky,3,10,1968-11-08,6.5,3717,
0010319,tt0708444,TOS,The Cloud Minders,3,19,1969-02-28,7.3,3666,
0010220,tt0708445,TOS,A Piece of the Action,2,20,1968-01-12,7.4,3750,
0010115,tt0708446,TOS,"The Menagerie, Part I",1,15,1966-11-17,7.3,4993,
0010122,tt0708447,TOS,The Return of the Archons,1,22,1967-02-09,8.7,6082,
0010306,tt0708448,TOS,Spock’s Brain,3,6,1968-09-20,7.2,3812,
0010301,tt0708449,TOS,Spectre of the Gun,3,1,1968-10-25,5.6,4071,
0010317,tt0708450,TOS,The Mark of Gideon,3,17,1969-01-17,6.5,3324,
0010127,tt0708451,TOS,Errand of Mercy,1,27,1967-03-23,5.7,4349,
0010205,tt0708452,TOS,Amok Time,2,5,1967-09-15,6.4,3913,
0010203,tt0708454,TOS,Friday’s Child,2,3,1967-12-01,7.5,4134,
0010128,tt0708455,TOS,The City on the Edge of Forever,1,28,1967-04-06,9.2,7375,
0010321,tt0708456,TOS,Requiem for Methuselah,3,21,1969-02-14,7.1,3414,
0010110,tt0708458,TOS,Dagger of the Mind,1,10,1966-11-03,8.0,5528,
0010212,tt0708459,TOS,"I, Mudd",2,12,1967-11-03,7.3,3898,
0010125,tt0708460,TOS,This Side of Paradise,1,25,1967-03-02,8.3,4860,
0010206,tt0708461,TOS,The Doomsday Machine,2,6,1967-10-20,8.7,5096,
0010312,tt0708462,TOS,Plato’s Stepchildren,3,12,1968-11-22,6.5,3590,
0010105,tt0708463,TOS,The Man Trap,1,5,1966-09-08,7.6,5515,
0010302,tt0708464,TOS,Elaan of Troyius,3,2,1968-12-20,8.4,4388,
0010116,tt0708465,TOS,"The Menagerie, Part II",1,16,1966-11-24,7.6,4790,
0010216,tt0708466,TOS,A Private Little War,2,16,1968-02-02,7.0,3971,
0010218,tt0708467,TOS,Obsession,2,18,1967-12-15,7.5,3714,
0010318,tt0708468,TOS,The Lights of Zetar,3,18,1969-01-31,6.2,3276,
0010101,tt0708469,TOS,Where No Man Has Gone Before,1,1,1966-09-22,7.2,6621,
0010316,tt0708470,TOS,Whom Gods Destroy,3,16,1969-01-03,6.5,3395,
0010112,tt0708472,TOS,The Conscience of the King,1,12,1966-12-08,8.1,5251,
0010104,tt0708473,TOS,The Enemy Within,1,4,1966-10-06,7.8,5817,
0010223,tt0708474,TOS,Patterns of Force,2,23,1968-02-16,6.0,3895,
0010303,tt0708475,TOS,The Paradise Syndrome,3,3,1968-10-04,6.7,3729,
0010121,tt0708476,TOS,Tomorrow Is Yesterday,1,21,1967-01-26,7.1,4359,
0010322,tt0708477,TOS,The Savage Curtain,3,22,1969-03-07,6.6,3442,
0010117,tt0708478,TOS,Shore Leave,1,17,1966-12-29,7.2,4693,
0010309,tt0708479,TOS,The Tholian Web,3,9,1968-11-15,8.0,3855,
0010215,tt0708480,TOS,Journey to Babel,2,15,1967-11-17,8.7,5534,
0010224,tt0708481,TOS,The Ultimate Computer,2,24,1968-03-08,8.0,3932,
0010320,tt0708482,TOS,The Way to Eden,3,20,1969-02-21,5.4,3853,
0010124,tt0708483,TOS,Space Seed,1,24,1967-02-16,7.8,4569,
0010119,tt0708484,TOS,Arena,1,19,1967-01-19,7.9,4867,
0010324,tt0708485,TOS,Turnabout Intruder,3,24,1969-06-03,6.8,3386,
0010107,tt0708486,TOS,Charlie X,1,7,1966-09-15,7.5,5232,
0010202,tt0708488,TOS,Metamorphosis,2,2,1967-11-10,7.1,4517,
0010314,tt0708489,TOS,That Which Survives,3,14,1969-01-24,6.9,3498,
0010311,tt0708490,TOS,Day of the Dove,3,11,1968-11-01,7.3,3573,
0010214,tt0708491,TOS,Bread and Circuses,2,14,1968-03-15,7.2,3810,
0040718,tt0708492,DS9,’Til Death Do Us Part,7,18,1999-04-14,7.4,1965,
0040504,tt0708493,DS9,Nor the Battle to the Strong,5,4,1996-10-21,7.5,2366,
0040104,tt0708494,DS9,A Man Alone,1,4,1993-01-17,6.8,2939,
0040517,tt0708495,DS9,A Simple Investigation,5,17,1997-03-31,6.6,2156,
0040601,tt0708496,DS9,A Time to Stand,6,1,1997-09-29,8.5,2427,
0040416,tt0708497,DS9,Bar Association,4,16,1996-02-19,7.2,2210,
0040703,tt0708498,DS9,Afterimage,7,3,1998-10-14,7.2,2112,
0040501,tt0708499,DS9,Apocalypse Rising,5,1,1996-09-30,8.2,2468,
0040213,tt0708500,DS9,Armageddon Game,2,13,1994-01-30,7.4,2477,
0040105,tt0708501,DS9,Babel,1,5,1993-01-24,7.0,2913,
0040715,tt0708502,DS9,"Badda‐Bing, Badda‐Bang",7,15,1999-02-24,7.6,2434,
0040415,tt0708503,DS9,Sons of Mogh,4,15,1996-02-12,7.4,2391,
0040113,tt0708504,DS9,Battle Lines,1,13,1993-04-25,6.6,2641,
0040604,tt0708505,DS9,Behind the Lines,6,4,1997-10-20,7.8,2239,
0040523,tt0708506,DS9,Blaze of Glory,5,23,1997-05-12,7.5,2144,
0040219,tt0708507,DS9,Blood Oath,2,19,1994-03-27,7.8,2767,
0040424,tt0708508,DS9,The Quickening,4,24,1996-05-20,7.4,2290,
0040425,tt0708509,DS9,Body Parts,4,25,1996-06-10,8.2,2323,
0040518,tt0708510,DS9,Business as Usual,5,18,1997-04-07,7.2,2157,
0040515,tt0708511,DS9,By Inferno’s Light,5,15,1997-02-17,8.8,2632,
0040526,tt0708512,DS9,Call to Arms,5,26,1997-06-16,9.0,2608,
0040106,tt0708513,DS9,Captive Pursuit,1,6,1993-01-31,7.6,3004,
0040205,tt0708514,DS9,Cardassians,2,5,1993-10-24,7.5,2600,
0040616,tt0708515,DS9,Change of Heart,6,16,1998-03-04,7.1,2164,
0040522,tt0708516,DS9,Children of Time,5,22,1997-05-05,8.1,2596,
0040714,tt0708517,DS9,Chimera,7,14,1999-02-17,7.2,2088,
0040705,tt0708518,DS9,Chrysalis,7,5,1998-10-28,6.9,2210,
0040307,tt0708519,DS9,Civil Defense,3,7,1994-11-07,7.9,2626,
0040709,tt0708520,DS9,Covenant,7,9,1998-11-25,6.6,2086,
0040412,tt0708521,DS9,Paradise Lost,4,12,1996-01-08,7.1,2272,
0040223,tt0708522,DS9,Crossover,2,23,1994-05-15,7.8,2592,
0040108,tt0708523,DS9,Dax,1,8,1993-02-14,7.1,2866,
0040309,tt0708524,DS9,Defiant,3,9,1994-11-21,7.9,2637,
0040315,tt0708525,DS9,Destiny,3,15,1995-02-13,7.4,2344,
0040318,tt0708526,DS9,Distant Voices,3,18,1995-04-10,6.4,2349,
0040516,tt0708527,DS9,"Doctor Bashir, I Presume",5,16,1997-02-24,7.7,2400,
0040118,tt0708528,DS9,Dramatis Personae,1,18,1993-05-30,7.0,2512,
0040119,tt0708529,DS9,Duet,1,19,1993-06-13,9.0,4231,
0040524,tt0708532,DS9,Empok Nor,5,24,1997-05-19,7.7,2287,
0040304,tt0708533,DS9,Equilibrium,3,4,1994-10-17,6.7,2334,
0040322,tt0708534,DS9,Explorers,3,22,1995-05-08,7.2,2449,
0040723,tt0708535,DS9,Extreme Measures,7,23,1999-05-19,7.6,2046,
0040325,tt0708536,DS9,Facets,3,25,1995-06-12,7.1,2283,
0040323,tt0708537,DS9,Family Business,3,23,1995-05-15,7.2,2329,
0040613,tt0708538,DS9,Far Beyond the Stars,6,13,1998-02-11,8.9,4246,
0040310,tt0708539,DS9,Fascination,3,10,1994-11-28,6.2,2388,
0040605,tt0708540,DS9,Favor the Bold,6,5,1997-10-27,8.5,2425,
0040520,tt0708541,DS9,Ferengi Love Songs,5,20,1997-04-21,6.7,2113,
0040713,tt0708542,DS9,Field of Fire,7,13,1999-02-10,6.6,2073,
0040421,tt0708543,DS9,The Muse,4,21,1996-04-29,7.8,2318,
0040513,tt0708544,DS9,For the Uniform,5,13,1997-02-03,7.8,2420,
0040418,tt0708545,DS9,Rules of Engagement,4,18,1996-04-08,8.2,2702,
0040314,tt0708546,DS9,Heart of Stone,3,14,1995-02-06,7.3,2384,
0040403,tt0708547,DS9,The Visitor,4,3,1995-10-09,7.7,2484,
0040620,tt0708548,DS9,His Way,6,20,1998-04-22,7.4,2543,
0040410,tt0708549,DS9,Our Man Bashir,4,10,1995-11-27,8.2,2594,
0040615,tt0708550,DS9,Honor Among Thieves,6,15,1998-02-25,7.3,2258,
0040116,tt0708551,DS9,If Wishes Were Horses,1,16,1993-05-16,6.5,2584,
0040701,tt0708552,DS9,Image in the Sand,7,1,1998-09-30,7.5,2254,
0040320,tt0708553,DS9,Improbable Cause,3,20,1995-04-24,8.5,2691,
0040514,tt0708554,DS9,In Purgatory’s Shadow,5,14,1997-02-10,8.7,2608,
0040525,tt0708555,DS9,In the Cards,5,25,1997-06-09,7.6,2315,
0040120,tt0708556,DS9,In the Hands of the Prophets,1,20,1993-06-20,7.7,2714,
0040619,tt0708557,DS9,In the Pale Moonlight,6,19,1998-04-15,9.4,4874,
0040404,tt0708558,DS9,Hippocratic Oath,4,4,1995-10-16,7.7,2448,
0040618,tt0708559,DS9,Inquisition,6,18,1998-04-08,8.2,2434,
0040716,tt0708560,DS9,Inter Arma Enim Silent Leges,7,16,1999-03-03,8.3,2341,
0040204,tt0708561,DS9,Invasive Procedures,2,4,1993-10-17,6.8,2530,
0040710,tt0708562,DS9,It’s Only a Paper Moon,7,10,1998-12-30,8.3,2729,
0040507,tt0708563,DS9,Let He Who Is Without Sin…,5,7,1996-11-11,5.5,2432,
0040313,tt0708564,DS9,Life Support,3,13,1995-01-30,6.6,2286,
0040406,tt0708565,DS9,Rejoined,4,6,1995-10-30,8.5,3079,
0040503,tt0708566,DS9,Looking for par’Mach in All the Wrong Places,5,3,1996-10-14,7.6,2440,
0040206,tt0708567,DS9,Melora,2,6,1993-10-31,6.4,2549,
0040308,tt0708568,DS9,Meridian,3,8,1994-11-14,5.6,2459,
0040110,tt0708569,DS9,Move Along Home,1,10,1993-03-14,5.8,2944,
0040208,tt0708570,DS9,Necessary Evil,2,8,1993-11-14,8.1,2763,
0040707,tt0708571,DS9,Once More Unto the Breach,7,7,1998-11-11,7.6,2196,
0040614,tt0708572,DS9,One Little Ship,6,14,1998-02-18,7.6,2350,
0040409,tt0708573,DS9,The Sword of Kahless,4,9,1995-11-20,7.9,2678,
0040215,tt0708574,DS9,Paradise,2,15,1994-02-13,6.6,2618,
0040411,tt0708575,DS9,Homefront,4,11,1996-01-01,8.3,2560,
0040103,tt0708576,DS9,Past Prologue,1,3,1993-01-10,7.1,3054,
0040311,tt0708577,DS9,"Past Tense, Part I",3,11,1995-01-02,7.8,2744,
0040312,tt0708578,DS9,"Past Tense, Part II",3,12,1995-01-09,7.9,2681,
0040717,tt0708579,DS9,Penumbra,7,17,1999-04-07,7.3,1973,
0040217,tt0708580,DS9,Playing God,2,17,1994-02-27,6.4,2308,
0040711,tt0708581,DS9,Prodigal Daughter,7,11,1999-01-06,6.3,2060,
0040623,tt0708582,DS9,Profit and Lace,6,23,1998-05-13,5.8,2370,
0040218,tt0708583,DS9,Profit and Loss,2,18,1994-03-20,7.2,2419,
0040115,tt0708584,DS9,Progress,1,15,1993-05-09,6.8,2662,
0040316,tt0708585,DS9,Prophet Motive,3,16,1995-02-20,6.7,2262,
0040107,tt0708586,DS9,Q‐Less,1,7,1993-02-07,6.7,2905,
0040510,tt0708587,DS9,Rapture,5,10,1996-12-30,7.1,2226,
0040405,tt0708588,DS9,Indiscretion,4,5,1995-10-23,7.0,2598,
0040608,tt0708589,DS9,Resurrection,6,8,1997-11-17,5.7,2168,
0040413,tt0708590,DS9,Crossfire,4,13,1996-01-29,7.7,2298,
0040211,tt0708591,DS9,Rivals,2,11,1994-01-02,6.4,2368,
0040602,tt0708592,DS9,Rocks and Shoals,6,2,1997-10-06,8.5,2613,
0040207,tt0708593,DS9,Rules of Acquisition,2,7,1993-11-07,7.4,2604,
0040417,tt0708594,DS9,Accession,4,17,1996-02-26,7.3,2359,
0040606,tt0708595,DS9,Sacrifice of Angels,6,6,1997-11-03,9.0,2822,
0040210,tt0708596,DS9,Sanctuary,2,10,1993-11-28,6.4,2467,
0040209,tt0708597,DS9,Second Sight,2,9,1993-11-21,6.2,2438,
0040305,tt0708598,DS9,Second Skin,3,5,1994-10-24,7.9,2611,
0040216,tt0708599,DS9,Shadowplay,2,16,1994-02-20,7.3,2494,
0040702,tt0708600,DS9,Shadows and Symbols,7,2,1998-10-07,7.9,2296,
0040324,tt0708601,DS9,Shakaar,3,24,1995-05-22,6.9,2224,
0040419,tt0708602,DS9,Hard Time,4,19,1996-04-15,7.1,2222,
0040521,tt0708603,DS9,Soldiers of the Empire,5,21,1997-04-28,7.6,2241,
0040603,tt0708604,DS9,Sons and Daughters,6,3,1997-10-13,7.0,2207,
0040407,tt0708605,DS9,Starship Down,4,7,1995-11-06,7.7,2451,
0040609,tt0708606,DS9,Statistical Probabilities,6,9,1997-11-24,7.5,2410,
0040719,tt0708607,DS9,Strange Bedfellows,7,19,1999-04-21,7.8,2011,
0040722,tt0708608,DS9,Tacking Into the Wind,7,22,1999-05-12,8.7,2168,
0040704,tt0708609,DS9,Take Me Out to the Holosuite,7,4,1998-10-21,7.4,2657,
0040626,tt0708610,DS9,Tears of the Prophets,6,26,1998-06-17,8.2,2291,
0040306,tt0708611,DS9,The Abandoned,3,6,1994-10-31,6.9,2323,
0040326,tt0708612,DS9,The Adversary,3,26,1995-06-19,8.2,2401,
0040212,tt0708613,DS9,The Alternate,2,12,1994-01-09,6.7,2366,
0040509,tt0708614,DS9,The Ascent,5,9,1996-11-25,7.4,2333,
0040505,tt0708615,DS9,The Assignment,5,5,1996-10-28,7.3,2213,
0040512,tt0708616,DS9,The Begotten,5,12,1997-01-27,7.8,2354,
0040720,tt0708617,DS9,The Changing Face of Evil,7,20,1999-04-28,8.3,2094,
0040202,tt0708618,DS9,The Circle,2,2,1993-10-03,7.6,2618,
0040224,tt0708619,DS9,The Collaborator,2,24,1994-05-22,7.0,2272,
0040511,tt0708620,DS9,The Darkness and the Light,5,11,1997-01-06,6.9,2211,
0040321,tt0708621,DS9,The Die Is Cast,3,21,1995-05-01,8.9,2890,
0040724,tt0708622,DS9,The Dogs of War,7,24,1999-05-26,8.2,2071,
0040712,tt0708623,DS9,The Emperor’s New Cloak,7,12,1999-02-03,6.3,2039,
0040117,tt0708624,DS9,The Forsaken,1,17,1993-05-23,6.9,2557,
0040201,tt0708625,DS9,The Homecoming,2,1,1993-09-26,7.6,2661,
0040303,tt0708626,DS9,The House of Quark,3,3,1994-10-10,8.1,2777,
0040226,tt0708627,DS9,The Jem’Hadar,2,26,1994-06-12,8.4,2674,
0040610,tt0708628,DS9,The Magnificent Ferengi,6,10,1998-01-01,8.1,2681,
0040220,tt0708629,DS9,"The Maquis, Part I",2,20,1994-04-24,7.8,2491,
0040221,tt0708630,DS9,"The Maquis, Part II",2,21,1994-05-01,7.8,2449,
0040420,tt0708631,DS9,Shattered Mirror,4,20,1996-04-22,5.7,2285,
0040111,tt0708632,DS9,The Nagus,1,11,1993-03-21,7.0,2729,
0040109,tt0708633,DS9,The Passenger,1,9,1993-02-21,6.4,2666,
0040423,tt0708634,DS9,To the Death,4,23,1996-05-13,7.6,2329,
0040621,tt0708635,DS9,The Reckoning,6,21,1998-04-29,7.0,2135,
0040301,tt0708636,DS9,"The Search, Part I",3,1,1994-09-26,8.3,2672,
0040302,tt0708637,DS9,"The Search, Part II",3,2,1994-10-03,8.2,2623,
0040502,tt0708638,DS9,The Ship,5,2,1996-10-07,7.9,2507,
0040203,tt0708639,DS9,The Siege,2,3,1993-10-10,7.8,2628,
0040708,tt0708640,DS9,The Siege of AR‐558,7,8,1998-11-18,8.6,2788,
0040414,tt0708641,DS9,Return to Grace,4,14,1996-02-05,7.2,2270,
0040625,tt0708642,DS9,The Sound of Her Voice,6,25,1998-06-10,7.4,2254,
0040114,tt0708643,DS9,The Storyteller,1,14,1993-05-02,6.0,2653,
0040408,tt0708644,DS9,Little Green Men,4,8,1995-11-13,6.9,2347,
0040402,tt0708645,DS9,The Visitor,4,2,1995-10-09,9.1,4837,
0040222,tt0708648,DS9,The Wire,2,22,1994-05-08,8.2,2700,
0040508,tt0708649,DS9,Things Past,5,8,1996-11-18,7.4,2274,
0040319,tt0708650,DS9,Through the Looking Glass,3,19,1995-04-17,7.4,2342,
0040519,tt0708651,DS9,Ties of Blood and Water,5,19,1997-04-14,7.1,2126,
0040624,tt0708652,DS9,Time’s Orphan,6,24,1998-05-20,6.1,2283,
0040422,tt0708653,DS9,For the Cause,4,22,1996-05-06,8.0,2409,
0040706,tt0708654,DS9,"Treachery, Faith and the Great River",7,6,1998-11-04,8.2,2279,
0040506,tt0708655,DS9,Trials and Tribble‐ations,5,6,1996-11-04,9.4,4624,
0040225,tt0708656,DS9,Tribunal,2,25,1994-06-05,7.5,2378,
0040622,tt0708657,DS9,Valiant,6,22,1998-05-06,6.9,2348,
0040317,tt0708658,DS9,Visionary,3,17,1995-02-27,7.8,2397,
0040112,tt0708659,DS9,Vortex,1,12,1993-04-18,7.0,2654,
0040611,tt0708660,DS9,Waltz,6,11,1998-01-08,7.8,2368,
0040721,tt0708663,DS9,When It Rains…,7,21,1999-05-05,8.1,2008,
0040214,tt0708664,DS9,Whispers,2,14,1994-02-06,8.1,2821,
0040612,tt0708665,DS9,Who Mourns for Morn?,6,12,1998-02-04,7.6,2396,
0040617,tt0708666,DS9,Wrongs Darker Than Death or Night,6,17,1998-04-01,6.8,2137,
0040607,tt0708667,DS9,You Are Cordially Invited,6,7,1997-11-10,7.3,2338,
0030114,tt0708668,TNG,Angel One,1,14,1988-01-25,7.4,4594,
0030608,tt0708669,TNG,A Fistful of Datas,6,8,1992-11-09,7.4,3608,
0030208,tt0708670,TNG,A Matter of Honor,2,8,1989-02-06,8.0,4477,
0030314,tt0708671,TNG,A Matter of Perspective,3,14,1990-02-12,6.7,3747,
0030509,tt0708672,TNG,A Matter of Time,5,9,1991-11-18,7.2,3524,
0030318,tt0708675,TNG,Allegiance,3,18,1990-03-26,7.4,3872,
0030113,tt0708676,TNG,Datalore,1,13,1988-01-18,5.7,4273,
0030613,tt0708677,TNG,Aquiel,6,13,1993-02-01,6.0,3194,
0030708,tt0708678,TNG,Attached,7,8,1993-11-08,7.5,3241,
0030616,tt0708679,TNG,"Birthright, Part I",6,16,1993-02-22,7.5,3325,
0030617,tt0708680,TNG,"Birthright, Part II",6,17,1993-03-01,7.3,3299,
0030722,tt0708681,TNG,Bloodlines,7,22,1994-05-02,6.5,2826,
0030306,tt0708682,TNG,Booby Trap,3,6,1989-10-30,7.4,4033,
0030403,tt0708683,TNG,Brothers,4,3,1990-10-08,7.7,4061,
0030319,tt0708684,TNG,Captain’s Holiday,3,19,1990-04-02,7.2,4054,
0030610,tt0708686,TNG,"Chain of Command, Part I",6,10,1992-12-14,8.3,4101,
0030611,tt0708687,TNG,"Chain of Command, Part II",6,11,1992-12-21,8.9,4475,
0030414,tt0708688,TNG,Clues,4,14,1991-02-11,8.2,4331,
0030103,tt0708689,TNG,The Naked Now,1,3,1987-10-05,5.0,5184,
0030118,tt0708690,TNG,Home Soil,1,18,1988-02-22,7.1,4140,
0030124,tt0708691,TNG,We’ll Always Have Paris,1,24,1988-05-02,8.1,4845,
0030211,tt0708692,TNG,Contagion,2,11,1989-03-20,7.6,4009,
0030514,tt0708693,TNG,Conundrum,5,14,1992-02-17,8.2,4027,
0030520,tt0708694,TNG,Cost of Living,5,20,1992-04-20,6.1,3240,
0030707,tt0708695,TNG,Dark Page,7,7,1993-11-01,6.4,3284,
0030502,tt0708696,TNG,Darmok,5,2,1991-09-30,8.7,5714,
0030411,tt0708697,TNG,Data’s Day,4,11,1991-01-07,8.1,4324,
0030112,tt0708698,TNG,The Big Goodbye,1,12,1988-01-11,7.6,4680,
0030313,tt0708699,TNG,Deja Q,3,13,1990-02-05,8.5,4807,
0030626,tt0708700,TNG,Descent,6,26,1993-06-21,8.0,3426,
0030701,tt0708701,TNG,"Descent, Part II",7,1,1993-09-20,7.7,3498,
0030413,tt0708702,TNG,Devil’s Due,4,13,1991-02-04,7.2,3883,
0030505,tt0708703,TNG,Disaster,5,5,1991-10-21,7.9,4049,
0030203,tt0708704,TNG,"Elementary, Dear Data",2,3,1988-12-05,8.1,4920,
0030723,tt0708705,TNG,Emergence,7,23,1994-05-09,6.5,2886,
0030503,tt0708708,TNG,Ensign Ro,5,3,1991-10-07,7.8,3828,
0030516,tt0708709,TNG,Ethics,5,16,1992-03-02,7.2,3468,
0030301,tt0708710,TNG,Evolution,3,1,1989-09-25,6.5,3895,
0030718,tt0708711,TNG,Eye of the Beholder,7,18,1994-02-28,6.6,3020,
0030614,tt0708712,TNG,Face of the Enemy,6,14,1993-02-08,7.9,3622,
0030402,tt0708713,TNG,Family,4,2,1990-10-01,8.3,4938,
0030409,tt0708714,TNG,Final Mission,4,9,1990-11-19,6.7,3650,
0030415,tt0708715,TNG,First Contact,4,15,1991-02-18,8.1,4199,
0030721,tt0708716,TNG,Firstborn,7,21,1994-04-25,6.7,2899,
0030709,tt0708717,TNG,Force of Nature,7,9,1993-11-15,6.3,3110,
0030621,tt0708718,TNG,Frame of Mind,6,21,1993-05-03,8.1,3818,
0030408,tt0708719,TNG,Future Imperfect,4,8,1990-11-12,7.7,4097,
0030416,tt0708720,TNG,Galaxy’s Child,4,16,1991-03-11,7.0,3603,
0030704,tt0708721,TNG,"Gambit, Part I",7,4,1993-10-11,7.7,3396,
0030705,tt0708722,TNG,"Gambit, Part II",7,5,1993-10-18,7.9,3383,
0030719,tt0708723,TNG,Genesis,7,19,1994-03-21,7.0,3404,
0030422,tt0708724,TNG,Half a Life,4,22,1991-05-06,7.3,3715,
0030110,tt0708725,TNG,Hide and Q,1,10,1987-11-23,6.2,4193,
0030119,tt0708726,TNG,Coming of Age,1,19,1988-03-14,7.2,4036,
0030511,tt0708727,TNG,Hero Worship,5,11,1992-01-27,6.6,3366,
0030109,tt0708728,TNG,The Battle,1,9,1987-11-16,6.9,4502,
0030321,tt0708729,TNG,Hollow Pursuits,3,21,1990-04-30,7.7,4040,
0030117,tt0708730,TNG,When the Bough Breaks,1,17,1988-02-15,6.8,3955,
0030713,tt0708731,TNG,Homeward,7,13,1994-01-17,7.0,3131,
0030523,tt0708732,TNG,I Borg,5,23,1992-05-11,8.8,4832,
0030418,tt0708733,TNG,Identity Crisis,4,18,1991-03-25,6.7,3449,
0030522,tt0708734,TNG,Imaginary Friend,5,22,1992-05-04,6.0,3218,
0030425,tt0708735,TNG,In Theory,4,25,1991-06-03,7.1,3510,
0030710,tt0708736,TNG,Inheritance,7,10,1993-11-22,7.5,3242,
0030703,tt0708737,TNG,Interface,7,3,1993-10-04,6.2,2973,
0030720,tt0708738,TNG,Journey’s End,7,20,1994-03-28,6.2,3226,
0030107,tt0708739,TNG,Lonely Among Us,1,7,1987-11-02,6.0,4650,
0030406,tt0708740,TNG,Legacy,4,6,1990-10-29,6.7,3625,
0030619,tt0708741,TNG,Lessons,6,19,1993-04-05,7.5,3614,
0030702,tt0708742,TNG,Liasions,7,2,1993-09-27,6.6,3071,
0030106,tt0708743,TNG,Where No One Has Gone Before,1,6,1987-10-26,6.3,4267,
0030205,tt0708744,TNG,Loud as a Whisper,2,5,1989-01-09,6.5,4004,
0030715,tt0708745,TNG,Lower Decks,7,15,1994-02-07,8.7,4672,
0030603,tt0708746,TNG,Man of the People,6,3,1992-10-05,5.7,3218,
0030219,tt0708747,TNG,Manhunt,2,19,1989-06-19,6.1,3726,
0030717,tt0708748,TNG,Masks,7,17,1994-02-21,5.7,3418,
0030324,tt0708749,TNG,Ménage à Troi,3,24,1990-05-28,6.5,3608,
0030510,tt0708750,TNG,New Ground,5,10,1992-01-06,6.5,3208,
0030417,tt0708751,TNG,Night Terrors,4,17,1991-03-18,7.1,3646,
0030711,tt0708752,TNG,Parallels,7,11,1993-11-29,8.8,4310,
0030221,tt0708753,TNG,Peak Performance,2,21,1989-07-10,7.7,4031,
0030215,tt0708754,TNG,Pen Pals,2,15,1989-05-01,6.8,3923,
0030706,tt0708755,TNG,Phantasms,7,6,1993-10-25,7.5,3335,
0030515,tt0708756,TNG,Power Play,5,15,1992-02-24,7.3,3418,
0030724,tt0708757,TNG,Preemptive Strike,7,24,1994-05-16,7.9,3183,
0030216,tt0708758,TNG,Q Who,2,16,1989-05-08,8.9,5669,
0030420,tt0708759,TNG,Qpid,4,20,1991-04-22,7.2,3851,
0030607,tt0708760,TNG,Rascals,6,7,1992-11-02,7.2,3681,
0030602,tt0708761,TNG,Realm of Fear,6,2,1992-09-28,7.3,3358,
0030426,tt0708762,TNG,Redemption,4,26,1991-06-17,8.4,3856,
0030604,tt0708764,TNG,Relics,6,4,1992-10-12,8.5,4410,
0030405,tt0708765,TNG,Remember Me,4,5,1990-10-22,7.8,4309,
0030407,tt0708766,TNG,Reunion,4,7,1990-11-05,8.3,4188,
0030623,tt0708767,TNG,Rightful Heir,6,23,1993-05-17,7.1,3040,
0030217,tt0708768,TNG,Samaritan Snare,2,17,1989-05-15,6.5,3733,
0030323,tt0708769,TNG,Sarek,3,23,1990-05-14,8.1,4294,
0030605,tt0708770,TNG,Schisms,6,5,1992-10-19,7.5,3506,
0030624,tt0708771,TNG,Second Chances,6,24,1993-05-24,7.5,3282,
0030222,tt0708772,TNG,Shades of Gray,2,22,1989-07-17,3.3,4471,
0030612,tt0708773,TNG,Ship in a Bottle,6,12,1993-01-25,8.5,4099,
0030504,tt0708774,TNG,Silicon Avatar,5,4,1991-10-14,7.2,3534,
0030317,tt0708775,TNG,Sins of the Father,3,17,1990-03-19,8.2,4229,
0030122,tt0708776,TNG,Symbiosis,1,22,1988-04-18,6.8,4570,
0030618,tt0708777,TNG,Starship Mine,6,18,1993-03-29,7.9,3667,
0030714,tt0708778,TNG,Sub Rosa,7,14,1994-01-31,4.8,3675,
0030404,tt0708779,TNG,Suddenly Human,4,4,1990-10-15,6.4,3694,
0030622,tt0708780,TNG,Suspicions,6,22,1993-05-10,7.0,3141,
0030121,tt0708781,TNG,The Arsenal of Freedom,1,21,1988-04-11,6.9,4120,
0030615,tt0708782,TNG,Tapestry,6,15,1993-02-15,8.8,4797,
0030120,tt0708783,TNG,Heart of Glory,1,20,1988-03-21,7.1,4117,
0030108,tt0708784,TNG,Justice,1,8,1987-11-09,6.8,4311,
0030326,tt0708785,TNG,The Best of Both Worlds,3,26,1990-06-18,9.3,6405,
0030401,tt0708786,TNG,"The Best of Both Worlds, Part II",4,1,1990-09-24,9.2,6002,
0030111,tt0708787,TNG,Haven,1,11,1987-11-30,7.2,4505,
0030305,tt0708788,TNG,The Bonding,3,5,1989-10-23,6.7,3862,
0030620,tt0708789,TNG,The Chase,6,20,1993-04-26,8.0,3864,
0030201,tt0708790,TNG,The Child,2,1,1988-11-21,5.8,4420,
0030210,tt0708791,TNG,The Dauphin,2,10,1989-02-20,6.2,4027,
0030310,tt0708792,TNG,The Defector,3,10,1990-01-01,8.4,4695,
0030421,tt0708793,TNG,The Drumhead,4,21,1991-04-29,8.4,4727,
0030220,tt0708794,TNG,The Emissary,2,20,1989-06-26,7.5,4121,
0030307,tt0708795,TNG,The Enemy,3,7,1989-11-06,7.8,4045,
0030302,tt0708796,TNG,The Ensigns of Command,3,2,1989-10-02,7.4,4181,
0030519,tt0708797,TNG,The First Duty,5,19,1992-03-30,7.8,3768,
0030506,tt0708798,TNG,The Game,5,6,1991-10-28,7.4,3970,
0030312,tt0708799,TNG,The High Ground,3,12,1990-01-29,6.8,3779,
0030423,tt0708800,TNG,The Host,4,23,1991-05-13,6.4,3435,
0030311,tt0708801,TNG,The Hunted,3,11,1990-01-08,7.4,3955,
0030214,tt0708802,TNG,The Icarus Factor,2,14,1989-04-24,6.2,3655,
0030525,tt0708803,TNG,The Inner Light,5,25,1992-06-01,9.4,9190,
0030104,tt0708804,TNG,Code of Honor,1,4,1987-10-12,6.3,4681,
0030410,tt0708805,TNG,The Loss,4,10,1990-12-31,6.0,3536,
0030513,tt0708806,TNG,The Masterpiece Society,5,13,1992-02-10,6.7,3290,
0030209,tt0708807,TNG,The Measure of a Man,2,9,1989-02-13,9.2,6970,
0030424,tt0708808,TNG,The Mind’s Eye,4,24,1991-05-27,7.7,3559,
0030322,tt0708809,TNG,The Most Toys,3,22,1990-05-07,7.6,4030,
0030102,tt0708810,TNG,The Naked Now,1,2,1987-10-03,6.5,5285,
0030125,tt0708811,TNG,Conspiracy,1,25,1988-05-09,7.4,4369,
0030524,tt0708812,TNG,The Next Phase,5,24,1992-05-18,8.3,3890,
0030419,tt0708813,TNG,The Nth Degree,4,19,1991-04-01,7.9,3998,
0030316,tt0708814,TNG,The Offspring,3,16,1990-03-12,8.5,5169,
0030517,tt0708815,TNG,The Outcast,5,17,1992-03-16,6.8,3807,
0030204,tt0708816,TNG,The Outrageous Okona,2,4,1988-12-12,6.2,4248,
0030712,tt0708817,TNG,The Pegasus,7,12,1994-01-10,8.4,3832,
0030521,tt0708818,TNG,The Perfect Mate,5,21,1992-04-27,7.3,3752,
0030308,tt0708819,TNG,The Price,3,8,1989-11-13,6.3,3748,
0030609,tt0708820,TNG,The Quality of Life,6,9,1992-11-16,7.4,3277,
0030212,tt0708821,TNG,The Royale,2,12,1989-03-27,6.6,4244,
0030206,tt0708822,TNG,The Schizoid Man,2,6,1989-01-23,6.9,4006,
0030303,tt0708823,TNG,The Survivors,3,3,1989-10-09,7.7,4609,
0030309,tt0708824,TNG,The Vengeance Factor,3,9,1989-11-20,6.5,3636,
0030412,tt0708825,TNG,The Wounded,4,12,1991-01-28,8.2,4101,
0030716,tt0708826,TNG,Thine Own Self,7,16,1994-02-14,7.8,3422,
0030213,tt0708827,TNG,Time Squared,2,13,1989-04-03,7.5,4148,
0030526,tt0708828,TNG,Time’s Arrow,5,26,1992-06-15,8.3,4105,
0030601,tt0708829,TNG,"Time’s Arrow, Part II",6,1,1992-09-21,8.2,4060,
0030625,tt0708830,TNG,Timescape,6,25,1993-06-14,8.5,3795,
0030320,tt0708831,TNG,Tin Man,3,20,1990-04-23,7.2,3819,
0030115,tt0708832,TNG,11001001,1,15,1988-02-01,6.1,4083,
0030325,tt0708833,TNG,Transfigurations,3,25,1990-06-04,6.9,3524,
0030606,tt0708834,TNG,True Q,6,6,1992-10-26,7.4,3553,
0030507,tt0708835,TNG,Unification I,5,7,1991-11-04,8.2,3985,
0030508,tt0708836,TNG,Unification II,5,8,1991-11-11,8.3,3949,
0030207,tt0708837,TNG,Unnatural Selection,2,7,1989-01-30,6.5,3832,
0030218,tt0708838,TNG,Up the Long Ladder,2,18,1989-05-22,6.2,3975,
0030512,tt0708839,TNG,Violations,5,12,1992-02-03,6.2,3209,
0030123,tt0708840,TNG,Skin of Evil,1,23,1988-04-25,6.5,3933,
0030116,tt0708841,TNG,Too Short a Season,1,16,1988-02-08,6.4,4002,
0030105,tt0708842,TNG,The Last Outpost,1,5,1987-10-19,7.5,5134,
0030202,tt0708843,TNG,Where Silence Has Lease,2,2,1988-11-28,7.0,4170,
0030304,tt0708844,TNG,Who Watches the Watchers,3,4,1989-10-16,8.0,4922,
0030315,tt0708845,TNG,Yesterday’s Enterprise,3,15,1990-02-19,9.2,6780,
0050522,tt0708846,VOY,Someone to Watch Over Me,5,22,1999-04-28,6.3,2182,
0050605,tt0708847,VOY,Alice,6,5,1999-10-20,6.3,2066,
0050214,tt0708848,VOY,Alliances,2,14,1996-01-22,7.2,2137,
0050314,tt0708849,VOY,Alter Ego,3,14,1997-01-15,6.7,2057,
0050618,tt0708850,VOY,Ashes to Ashes,6,18,2000-03-01,6.9,2092,
0050719,tt0708851,VOY,Q2,7,19,2001-04-11,7.9,2112,
0050603,tt0708852,VOY,Barge of the Dead,6,3,1999-10-06,6.1,2122,
0050226,tt0708853,VOY,"Basics, Part I",2,26,1996-05-20,7.6,2179,
0050301,tt0708854,VOY,"Basics, Part II",3,1,1996-09-04,7.7,2246,
0050321,tt0708855,VOY,Before and After,3,21,1997-04-09,7.6,2270,
0050612,tt0708856,VOY,Blink of an Eye,6,12,2000-01-19,9.0,3787,
0050514,tt0708857,VOY,Bliss,5,14,1999-02-10,7.8,2233,
0050707,tt0708859,VOY,Body and Soul,7,7,2000-11-15,7.9,2239,
0050512,tt0708860,VOY,Bride of Chaotica!,5,12,1999-01-27,7.3,2457,
0050112,tt0708863,VOY,Heroes and Demons,1,12,1995-04-24,6.6,2250,
0050619,tt0708864,VOY,Child’s Play,6,19,2000-03-08,7.6,2094,
0050315,tt0708865,VOY,Coda,3,15,1997-01-29,7.0,2146,
0050210,tt0708866,VOY,Cold Fire,2,10,1995-11-13,7.0,2169,
0050616,tt0708867,VOY,Collective,6,16,2000-02-16,7.3,2078,
0050411,tt0708868,VOY,Concerning Flight,4,11,1997-11-26,6.7,2075,
0050705,tt0708870,VOY,Critical Care,7,5,2000-11-01,7.8,2097,
0050403,tt0708873,VOY,Day of Honor,4,3,1997-09-17,7.3,2137,
0050221,tt0708874,VOY,Deadlock,2,21,1996-03-18,8.2,2600,
0050218,tt0708875,VOY,Death Wish,2,18,1996-02-19,8.3,2747,
0050424,tt0708876,VOY,Demon,4,24,1998-05-06,7.1,2100,
0050324,tt0708877,VOY,Displaced,3,24,1997-05-07,7.4,2074,
0050323,tt0708878,VOY,Distant Origin,3,23,1997-04-30,8.5,2814,
0050607,tt0708879,VOY,Dragon’s Teeth,6,7,1999-11-10,7.6,2150,
0050217,tt0708880,VOY,Dreadnought,2,17,1996-02-12,7.5,2296,
0050703,tt0708881,VOY,Drive,7,3,2000-10-18,7.0,1967,
0050502,tt0708882,VOY,Drone,5,2,1998-10-21,8.6,2843,
0050204,tt0708883,VOY,Elogium,2,4,1995-09-18,5.8,2255,
0050108,tt0708884,VOY,Ex Post Facto,1,8,1995-02-27,6.7,2410,
0050525,tt0708887,VOY,Warhead,5,25,1999-05-19,8.3,2304,
0050601,tt0708888,VOY,"Equinox, Part II",6,1,1999-09-22,8.1,2376,
0050107,tt0708889,VOY,Eye of the Needle,1,7,1995-02-20,6.6,2446,
0050503,tt0708890,VOY,Extreme Risk,5,3,1998-10-28,6.7,2081,
0050106,tt0708891,VOY,The Cloud,1,6,1995-02-13,8.2,2848,
0050113,tt0708892,VOY,Cathexis,1,13,1995-05-01,7.2,2422,
0050611,tt0708893,VOY,Fair Haven,6,11,2000-01-12,6.2,2381,
0050313,tt0708894,VOY,Fair Trade,3,13,1997-01-08,6.7,1974,
0050305,tt0708895,VOY,False Profits,3,5,1996-10-02,6.5,2241,
0050320,tt0708896,VOY,Favorite Son,3,20,1997-03-19,6.0,2060,
0050302,tt0708897,VOY,Flashback,3,2,1996-09-11,7.7,2497,
0050720,tt0708900,VOY,"Author, Author",7,20,2001-04-18,7.1,1917,
0050623,tt0708901,VOY,Fury,6,23,2000-05-03,6.2,2081,
0050308,tt0708902,VOY,Future’s End,3,8,1996-11-06,8.2,2694,
0050309,tt0708903,VOY,"Future’s End, Part II",3,9,1996-11-13,8.1,2546,
0050620,tt0708904,VOY,Good Shepherd,6,20,2000-03-15,7.1,2036,
0050513,tt0708905,VOY,Gravity,5,13,1999-02-03,7.1,2126,
0050111,tt0708906,VOY,State of Flux,1,11,1995-04-10,6.7,2424,
0050722,tt0708907,VOY,Natural Law,7,22,2001-05-02,7.7,2098,
0050426,tt0708908,VOY,Hope and Fear,4,26,1998-05-20,8.0,2225,
0050717,tt0708909,VOY,"Workforce, Part II",7,17,2001-02-28,7.1,1882,
0050415,tt0708910,VOY,Hunters,4,15,1998-02-11,7.6,2097,
0050702,tt0708911,VOY,Imperfection,7,2,2000-10-11,7.8,2099,
0050504,tt0708912,VOY,In the Flesh,5,4,1998-11-04,7.8,2382,
0050507,tt0708913,VOY,Infinite Regress,5,7,1998-11-25,7.6,2239,
0050202,tt0708914,VOY,Initiations,2,2,1995-09-04,6.5,2246,
0050222,tt0708915,VOY,Innocence,2,22,1996-04-08,6.7,2247,
0050706,tt0708916,VOY,Inside Man,7,6,2000-11-08,7.3,1966,
0050220,tt0708917,VOY,Investigations,2,20,1996-03-13,7.6,2196,
0050114,tt0708918,VOY,Faces,1,14,1995-05-08,7.2,2368,
0050520,tt0708919,VOY,Think Tank,5,20,1999-03-31,6.7,1926,
0050511,tt0708920,VOY,Latent Image,5,11,1999-01-20,8.3,2499,
0050115,tt0708921,VOY,Jetrel,1,15,1995-05-15,7.0,2270,
0050624,tt0708922,VOY,Life Line,6,24,2000-05-10,8.1,2241,
0050219,tt0708923,VOY,Lifesigns,2,19,1996-02-26,7.5,2277,
0050621,tt0708925,VOY,Live Fast and Prosper,6,21,2000-04-19,7.1,1951,
0050423,tt0708926,VOY,Living Witness,4,23,1998-04-29,8.7,2960,
0050312,tt0708927,VOY,Macrocosm,3,12,1996-12-11,7.2,2193,
0050211,tt0708928,VOY,Maneuvers,2,11,1995-11-20,7.0,2103,
0050216,tt0708929,VOY,Meld,2,16,1996-02-05,7.8,2445,
0050614,tt0708930,VOY,Memorial,6,14,2000-02-02,6.9,2076,
0050414,tt0708931,VOY,Message in a Bottle,4,14,1998-01-21,8.7,2946,
0050412,tt0708932,VOY,Mortal Coil,4,12,1997-12-17,6.8,2154,
0050622,tt0708933,VOY,Muse,6,22,2000-04-26,6.7,2078,
0050721,tt0708934,VOY,Friendship One,7,21,2001-04-25,7.1,2023,
0050404,tt0708935,VOY,Nemesis,4,4,1997-09-24,6.8,2278,
0050501,tt0708936,VOY,Night,5,1,1998-10-14,7.7,2300,
0050708,tt0708937,VOY,Nightingale,7,8,2000-11-22,6.5,1851,
0050205,tt0708938,VOY,Non Sequitur,2,5,1995-09-25,6.7,2328,
0050508,tt0708939,VOY,Nothing Human,5,8,1998-12-02,7.1,2146,
0050505,tt0708940,VOY,Once Upon a Time,5,5,1998-11-11,6.2,2113,
0050425,tt0708941,VOY,One,4,25,1998-05-13,8.1,2293,
0050608,tt0708942,VOY,One Small Step,6,8,1999-11-17,7.7,2262,
0050102,tt0708943,VOY,Parallax,1,2,1995-01-23,7.2,2699,
0050610,tt0708944,VOY,Pathfinder,6,10,1999-12-01,8.4,2620,
0050208,tt0708945,VOY,Persistence of Vision,2,8,1995-10-30,6.7,2173,
0050104,tt0708946,VOY,Time and Again,1,4,1995-01-30,7.1,2538,
0050416,tt0708947,VOY,Prey,4,16,1998-02-18,8.0,2168,
0050109,tt0708948,VOY,Emanations,1,9,1995-03-13,7.3,2461,
0050203,tt0708949,VOY,Projections,2,3,1995-09-11,7.9,2581,
0050713,tt0708950,VOY,Repentance,7,13,2001-01-31,7.2,1971,
0050213,tt0708951,VOY,Prototype,2,13,1996-01-15,7.5,2315,
0050718,tt0708952,VOY,Human Error,7,18,2001-03-07,7.3,2049,
0050410,tt0708953,VOY,Random Thoughts,4,10,1997-11-19,6.8,2067,
0050322,tt0708954,VOY,Real Life,3,22,1997-04-23,7.3,2233,
0050523,tt0708955,VOY,11:59,5,23,1999-05-05,8.5,2551,
0050306,tt0708956,VOY,Remember,3,6,1996-10-09,6.9,2113,
0050723,tt0708957,VOY,Homestead,7,23,2001-05-09,7.4,1932,
0050712,tt0708958,VOY,Lineage,7,12,2001-01-24,7.3,2021,
0050704,tt0708959,VOY,Repression,7,4,2000-10-25,6.6,1902,
0050212,tt0708960,VOY,Resistance,2,12,1995-11-27,6.9,2215,
0050225,tt0708961,VOY,Resolutions,2,25,1996-05-13,7.2,2210,
0050417,tt0708962,VOY,Retrospect,4,17,1998-02-25,6.5,2185,
0050405,tt0708963,VOY,Revulsion,4,5,1997-10-01,7.3,2153,
0050606,tt0708964,VOY,Riddles,6,6,1999-11-03,7.4,2130,
0050319,tt0708965,VOY,Rise,3,19,1997-02-26,6.7,1993,
0050407,tt0708967,VOY,Scientific Method,4,7,1997-10-29,8.0,2369,
0050326,tt0708968,VOY,Scorpion,3,26,1997-05-21,8.9,2888,
0050401,tt0708969,VOY,"Scorpion, Part II",4,1,1997-09-03,8.8,2876,
0050710,tt0708970,VOY,Shattered,7,10,2001-01-17,8.2,2373,
0050521,tt0708971,VOY,Juggernaut,5,21,1999-04-26,8.0,2448,
0050617,tt0708972,VOY,Spirit Folk,6,17,2000-02-23,6.1,2080,
0050110,tt0708973,VOY,Prime Factors,1,10,1995-03-20,7.6,2399,
0050602,tt0708974,VOY,Survival Instinct,6,2,1999-09-29,7.6,2154,
0050209,tt0708975,VOY,Tattoo,2,9,1995-11-06,6.1,2249,
0050201,tt0708976,VOY,The 37’s,2,1,1995-08-28,7.3,2674,
0050303,tt0708977,VOY,The Chute,3,3,1996-09-18,6.6,2094,
0050105,tt0708978,VOY,Phage,1,5,1995-02-06,6.4,2458,
0050318,tt0708979,VOY,Darkling,3,18,1997-02-19,6.2,1976,
0050516,tt0708980,VOY,The Disease,5,16,1999-02-24,6.6,2065,
0050518,tt0708981,VOY,Course: Oblivion,5,18,1999-03-03,5.0,2184,
0050402,tt0708982,VOY,The Gift,4,2,1997-09-10,7.9,2427,
0050625,tt0708983,VOY,The Haunting of Deck Twelve,6,25,2000-05-17,7.1,1940,
0050419,tt0708985,VOY,"The Killing Game, Part II",4,19,1998-03-04,7.5,2187,
0050421,tt0708986,VOY,The Omega Directive,4,21,1998-04-15,7.4,2211,
0050311,tt0708987,VOY,The Q and the Grey,3,11,1996-11-27,7.1,2265,
0050406,tt0708988,VOY,The Raven,4,6,1997-10-08,7.5,2155,
0050304,tt0708989,VOY,The Swarm,3,4,1996-09-25,7.1,2083,
0050223,tt0708990,VOY,The Thaw,2,23,1996-04-29,7.1,2645,
0050714,tt0708991,VOY,Prophecy,7,14,2001-02-07,8.0,2150,
0050609,tt0708992,VOY,The Voyager Conspiracy,6,9,1999-11-24,7.4,2172,
0050519,tt0708993,VOY,The Fight,5,19,1999-03-24,7.5,2186,
0050509,tt0708994,VOY,Thirty Days,5,9,1998-12-09,7.1,2104,
0050215,tt0708995,VOY,Threshold,2,15,1996-01-29,5.3,2667,
0050103,tt0708996,VOY,Parallax,1,3,1995-01-23,7.1,2652,
0050506,tt0708997,VOY,Timeless,5,6,1998-11-18,8.7,2979,
0050604,tt0708998,VOY,Tinker Tenor Doctor Spy,6,4,1999-10-13,8.5,2740,
0050615,tt0708999,VOY,Tsunkatse,6,15,2000-02-09,7.1,2172,
0050224,tt0709000,VOY,Tuvix,2,24,1996-05-06,7.7,2760,
0050206,tt0709001,VOY,Twisted,2,6,1995-10-02,6.9,2310,
0050422,tt0709002,VOY,Unforgettable,4,22,1998-04-22,6.2,2088,
0050626,tt0709003,VOY,Unimatrix Zero,6,26,2000-05-24,7.9,2056,
0050701,tt0709004,VOY,"Unimatrix Zero, Part II",7,1,2000-10-04,7.9,2120,
0050317,tt0709005,VOY,Unity,3,17,1997-02-12,7.8,2357,
0050613,tt0709006,VOY,Virtuoso,6,13,2000-01-26,7.1,2233,
0050420,tt0709007,VOY,Vis à Vis,4,20,1998-04-08,6.5,1945,
0050413,tt0709008,VOY,Waking Moments,4,13,1998-01-14,7.5,2093,
0050524,tt0709009,VOY,Relativity,5,24,1999-05-12,7.1,1992,
0050310,tt0709010,VOY,Warlord,3,10,1996-11-20,6.5,2135,
0050716,tt0709012,VOY,Workforce,7,16,2001-02-21,7.7,1984,
0050325,tt0709013,VOY,Worst Case Scenario,3,25,1997-05-14,8.0,2275,
0050408,tt0709014,VOY,Year of Hell,4,8,1997-11-05,8.7,2917,
0050409,tt0709015,VOY,"Year of Hell, Part II",4,9,1997-11-12,8.6,2766,
0060116,tt0763253,ENT,Shuttlepod One,1,16,2002-02-13,7.3,2191,
0060411,tt0765592,ENT,Observer Effect,4,11,2005-01-21,7.8,1875,
0050207,tt0777529,VOY,Parturition,2,7,1995-10-09,6.4,2142,
0050517,tt0795288,VOY,The Disease,5,17,1999-02-24,7.6,2452,
0020101,tt0827626,TAS,Beyond the Farthest Star,1,1,1973-09-08,6.6,1263,
0020206,tt0827627,TAS,The Counter‐Clock Incident,2,6,1974-10-12,7.1,814,
0020102,tt0827628,TAS,Yesteryear,1,2,1973-09-15,8.1,1307,
0020204,tt0832412,TAS,Albatross,2,4,1974-09-28,6.8,806,
0020202,tt0832413,TAS,Bem,2,2,1974-09-14,6.1,824,
0020205,tt0832414,TAS,How Sharper Than a Serpent’s Tooth,2,5,1974-10-05,6.4,795,
0020105,tt0832415,TAS,"More Tribbles, More Troubles",1,5,1973-10-06,7.1,1072,
0020110,tt0832416,TAS,Mudd’s Passion,1,10,1973-11-10,6.3,884,
0020109,tt0832417,TAS,Once Upon a Planet,1,9,1973-11-03,6.2,880,
0020103,tt0832418,TAS,One of Our Planets Is Missing,1,3,1973-09-22,6.7,1056,
0020113,tt0832419,TAS,The Ambergris Element,1,13,1973-12-01,6.4,840,
0020115,tt0832420,TAS,The Eye of the Beholder,1,15,1974-01-05,6.7,827,
0020107,tt0832421,TAS,The Infinite Vulcan,1,7,1973-10-20,6.1,937,
0020116,tt0832422,TAS,The Jihad,1,16,1974-01-12,6.2,833,
0020104,tt0832423,TAS,The Lorelei Signal,1,4,1973-09-29,6.5,1050,
0020108,tt0832424,TAS,The Magicks of Megas‐Tu,1,8,1973-10-27,5.9,945,
0020201,tt0832425,TAS,The Pirates of Orion,2,1,1974-09-07,6.6,820,
0020203,tt0832426,TAS,The Practical Joker,2,3,1974-09-21,6.4,830,
0020114,tt0832427,TAS,The Slaver Weapon,1,14,1973-12-15,7.0,903,
0020106,tt0832428,TAS,The Survivor,1,6,1973-10-13,6.8,962,
0020111,tt0832429,TAS,The Terratin Incident,1,11,1973-11-17,6.7,862,
0020112,tt0832430,TAS,The Time Trap,1,12,1973-11-24,6.9,873,
0090109,tt10073428,PIC,"Et in Arcadia Ego, Part 1",1,9,2020-03-19,7.3,4395,
0090110,tt10073432,PIC,"Et in Arcadia Ego, Part 2",1,10,2020-03-26,7.6,5163,
0070303,tt10199644,DSC,People of Earth,3,3,2020-10-29,7.2,3946,
0080201,tt10535174,STT,Q&A,2,1,2019-10-05,7.6,867,
0110101,tt10619492,PRO,Lost and Found,1,1,2021-10-28,7.3,1026,
0070302,tt10677378,DSC,Far From Home,3,2,2020-10-22,7.2,4168,
0070305,tt10677382,DSC,Die Trying,3,5,2020-11-12,7.3,3756,
0070304,tt10677384,DSC,Forget Me Not,3,4,2020-11-05,6.4,4693,
0080202,tt11075922,STT,The Trouble with Edward,2,2,2019-10-09,7.2,1154,
0080203,tt11075934,STT,Ask Not,2,3,2019-11-14,7.3,725,
0080205,tt11075946,STT,The Girl Who Made the Stars,2,5,2019-12-12,5.6,712,
0080204,tt11075948,STT,Ephraim and Dot,2,4,2019-12-12,6.6,735,
0080206,tt11080172,STT,Children of Mars,2,6,2020-01-09,6.9,773,
0070308,tt11427530,DSC,The Sanctuary,3,8,2020-12-03,5.8,3872,
0090201,tt11596676,PIC,The Star Gazer,2,1,2022-03-03,8.0,5165,
0070306,tt12013206,DSC,Scavengers,3,6,2020-11-19,6.6,3580,
0070307,tt12013210,DSC,Unification III,3,7,2020-11-26,6.5,4044,
0070309,tt12013212,DSC,"Terra Firma, Part 1",3,9,2020-12-10,6.4,3639,
0070310,tt12047894,DSC,"Terra Firma, Part 2",3,10,2020-12-17,6.4,3592,
0070311,tt12047908,DSC,Su’Kal,3,11,2020-12-24,6.2,3502,
0070312,tt12047914,DSC,There Is a Tide…,3,12,2020-12-31,6.8,3313,
0070313,tt12047918,DSC,"That Hope Is You, Part 2",3,13,2021-01-07,6.5,4055,
0120101,tt12330364,SNW,Strange New Worlds,1,1,2022-05-05,8.1,7594,
0070401,tt13345554,DSC,Kobayashi Maru,4,1,2021-11-18,5.9,4097,
0070406,tt14066802,DSC,Stormy Weather,4,6,2021-12-23,5.5,2968,
0070402,tt14074220,DSC,Anomaly,4,2,2021-11-25,5.5,3469,
0070403,tt14074222,DSC,Choose to Live,4,3,2021-12-02,5.6,3180,
0070404,tt14074224,DSC,All Is Possible,4,4,2021-12-09,5.3,3401,
0070405,tt14074226,DSC,The Examples,4,5,2021-12-16,6.1,2829,
0110102,tt14080498,PRO,"Lost & Found, Part 2",1,2,2021-10-28,7.4,821,
0070407,tt14145492,DSC,…But to Connect,4,7,2021-12-30,5.9,2679,
0110103,tt14419876,PRO,Starstruck,1,3,2021-11-04,7.1,776,
0110104,tt14419878,PRO,Dream Catcher,1,4,2021-11-11,7.3,740,
0110105,tt14419882,PRO,Terror Firma,1,5,2021-11-18,7.6,728,
0110106,tt14419886,PRO,Kobayashi,1,6,2022-01-06,8.2,827,
0110107,tt14419888,PRO,First Con‐tact,1,7,2022-01-13,7.4,662,
0110108,tt14419890,PRO,Time Amok,1,8,2022-01-20,8.0,693,
0110109,tt14419894,PRO,"A Moral Star, Part 1",1,9,2022-01-27,8.0,635,
0120102,tt14426230,SNW,Children of the Comet,1,2,2022-05-12,8.0,6171,
0120103,tt14426234,SNW,Ghosts of Illyria,1,3,2022-05-19,7.7,5617,
0120104,tt14426238,SNW,Memento Mori,1,4,2022-05-26,8.4,5693,
0120105,tt14426240,SNW,Spock Amok,1,5,2022-06-02,8.0,5697,
0120106,tt14426244,SNW,Lift Us Where Suffering Cannot Reach,1,6,2022-06-09,7.7,5153,
0120107,tt14426852,SNW,The Serene Squall,1,7,2022-06-16,7.2,5599,
0120108,tt14426856,SNW,The Elysian Kingdom,1,8,2022-06-23,6.2,7153,
0120109,tt14426858,SNW,All Those Who Wander,1,9,2022-06-30,8.2,5136,
0120110,tt14426860,SNW,A Quality of Mercy,1,10,2022-07-07,9.1,6087,
0090202,tt14435038,PIC,Penance,2,2,2022-03-10,7.9,4504,
0090203,tt14435136,PIC,Assimilation,2,3,2022-03-17,7.1,4072,
0090204,tt14435140,PIC,Watcher,2,4,2022-03-24,6.4,4364,
0090205,tt14435150,PIC,Fly Me to the Moon,2,5,2022-03-31,6.6,3648,
0090206,tt14435154,PIC,Two of One,2,6,2022-04-07,6.2,3747,
0090209,tt14435168,PIC,Hide and Seek,2,9,2022-04-28,5.7,3789,
0090207,tt14435170,PIC,Monsters,2,7,2022-04-14,5.4,4170,
0090210,tt14435178,PIC,Farewell,2,10,2022-05-05,6.8,4063,
0090208,tt14440086,PIC,Mercy,2,8,2022-04-21,6.2,3415,
0100301,tt14443196,LD,Grounded,3,1,2022-08-25,7.7,1197,
0070408,tt15170308,DSC,All In,4,8,2022-02-10,5.7,2398,
0070409,tt15170312,DSC,Rubicon,4,9,2022-02-17,5.9,2228,
0070410,tt15170316,DSC,The Galatic Barrier,4,10,2022-02-24,6.0,2296,
0070411,tt15170318,DSC,Rosetta,4,11,2022-03-03,5.6,2292,
0100302,tt15192082,LD,The Least Dangerous Game,3,2,2022-09-01,7.7,1101,
0100303,tt15192086,LD,Mining the Mind’s Mines,3,3,2022-09-08,7.4,1082,
0100304,tt15192088,LD,Room for Growth,3,4,2022-09-15,7.6,1040,
0100305,tt15192092,LD,Reflections,3,5,2022-09-22,8.1,1100,
0100306,tt15192096,LD,"Hear All, Trust Nothing",3,6,2022-09-29,8.6,1382,
0100307,tt15192098,LD,A Mathematically Perfect Redemption,3,7,2022-10-06,6.9,1292,
0100308,tt15192104,LD,Crisis Point 2: Paradoxus,3,8,2022-10-13,7.9,1069,
0100309,tt15192112,LD,Trusted Sources,3,9,2022-10-20,7.8,984,
0100310,tt15192114,LD,The Stars at Night,3,10,2022-10-27,8.6,1098,
0090301,tt15393200,PIC,The Next Generation,3,1,2023-02-16,8.4,6429,
0110110,tt15906704,PRO,"A Moral Star, Part 2",1,10,2022-02-03,8.2,654,
0110201,tt15906800,PRO,"Into the Breach, Part I",2,1,2024-07-01,7.7,435,
0100401,tt17079354,LD,Twovix,4,1,2023-09-07,8.2,1041,
0070501,tt17079868,DSC,Red Directive,5,1,2024-04-04,6.3,2318,
0120201,tt17079894,SNW,The Broken Circle,2,1,2023-06-15,7.6,5644,
0110111,tt17080342,PRO,Asylum,1,11,2022-10-27,7.8,536,
0110112,tt17080350,PRO,Let Sleeping Borg Lie,1,12,2022-11-03,7.6,518,
0110113,tt17080362,PRO,All the World’s a Stage,1,13,2022-11-10,8.1,587,
0110114,tt17080364,PRO,Crossroads,1,14,2022-11-17,8.1,535,
0110115,tt17080370,PRO,Masquerade,1,15,2022-11-24,7.7,510,
0110116,tt17080382,PRO,Preludes,1,16,2022-12-01,7.7,487,
0110117,tt17080386,PRO,Ghost in the Machine,1,17,2022-12-08,7.3,491,
0110118,tt17080392,PRO,Mindwalk,1,18,2022-12-15,8.1,501,
0110119,tt17080400,PRO,"Supernova, Part 1",1,19,2022-12-22,8.7,549,
0110120,tt17080404,PRO,"Supernova, Part 2",1,20,2022-12-29,8.7,542,
0070412,tt18298648,DSC,Species Ten‐C,4,12,2022-03-10,6.7,2312,
0070413,tt18298656,DSC,Coming Home,4,13,2022-03-17,5.9,3074,
0120203,tt18969462,SNW,Tomorrow and Tomorrow and Tomorrow,2,3,2023-06-29,8.3,6141,
0120202,tt18971274,SNW,Ad Astra per Aspera,2,2,2023-06-22,8.5,6775,
0090303,tt19402762,PIC,Seventeen Seconds,3,3,2023-03-02,8.5,5264,
0090304,tt22012530,PIC,No Win Scenario,3,4,2023-03-09,9.0,5755,
0090306,tt22012534,PIC,The Bounty,3,6,2023-03-23,8.9,5269,
0090307,tt22012536,PIC,Dominion,3,7,2023-03-30,8.2,4377,
0090302,tt22012632,PIC,Disengage,3,2,2023-02-23,8.2,5400,
0090305,tt22012754,PIC,Imposters,3,5,2023-03-16,8.9,5302,
0090308,tt22012816,PIC,Surrender,3,8,2023-04-06,8.6,4657,
0090309,tt22012822,PIC,Võx,3,9,2023-04-13,9.3,6964,
0090310,tt22012830,PIC,The Last Generation,3,10,2023-04-20,9.4,7695,
0120204,tt22805714,SNW,Among the Lotus Eaters,2,4,2023-07-06,7.3,4653,
0120205,tt22805720,SNW,Charades,2,5,2023-07-13,8.2,5399,
0120206,tt22805736,SNW,Lost in Translation,2,6,2023-07-20,7.3,4354,
0120207,tt22805748,SNW,Those Old Scientists,2,7,2023-07-22,8.9,9417,
0120208,tt22805752,SNW,Under the Cloak of War,2,8,2023-07-27,8.2,5230,
0120209,tt22805762,SNW,Subspace Rhapsody,2,9,2023-08-03,6.8,14272,
0120210,tt22805766,SNW,Hegemony,2,10,2023-08-10,8.6,4196,
0100402,tt22805844,LD,I Have No Bones Yet I Must Flee,4,2,2023-09-07,7.9,954,
0100403,tt22805852,LD,In the Cradle of Vexilon,4,3,2023-09-14,7.5,871,
0100404,tt22805878,LD,"Something Borrowed, Something Green",4,4,2023-09-21,7.8,894,
0100405,tt22805896,LD,Empathological Fallacies,4,5,2023-09-28,7.6,911,
0100406,tt22805908,LD,Parth Ferengi’s Heart Place,4,6,2023-10-05,7.8,870,
0100407,tt22805912,LD,A Few Badgeys More,4,7,2023-10-12,7.3,831,
0100408,tt22805920,LD,Caves,4,8,2023-10-19,7.7,812,
0100409,tt22805930,LD,The Inner Fight,4,9,2023-10-26,8.0,795,
0100410,tt22805942,LD,"Old Friends, New Planets",4,10,2023-11-02,8.6,905,
0060102,tt25396064,ENT,"Broken Bow, Part 2",1,2,2001-09-26,7.5,761,
0070510,tt26965202,DSC,"Life, Itself",5,10,2024-05-30,6.1,2016,
0070502,tt26965285,DSC,Under the Twin Moons,5,2,2024-04-04,6.4,1835,
0070506,tt26965512,DSC,Whistlespeak,5,6,2024-05-02,5.7,1582,
0070504,tt26965515,DSC,Face the Strange,5,4,2024-04-18,7.1,1675,
0070503,tt26965557,DSC,Jinaal,5,3,2024-04-11,5.8,1725,
0070507,tt26965558,DSC,Erigah,5,7,2024-05-09,6.3,1360,
0070505,tt26965613,DSC,Mirrors,5,5,2024-04-25,6.4,1522,
0070508,tt26965666,DSC,Labyrinths,5,8,2024-05-16,6.4,1407,
0070509,tt26965683,DSC,Lagrange Point,5,9,2024-05-23,6.5,1365,
0120301,tt27335023,SNW,"Hegemony, Part II",3,1,2025-07-17,7.7,3235,
0120302,tt27335038,SNW,Wedding Bell Blues,3,2,2025-07-17,6.4,3782,
0120303,tt27335045,SNW,Shuttle to Kenfori,3,3,2025-07-24,7.0,2765,
0120304,tt27335085,SNW,A Space Adventure Hour,3,4,2025-07-31,6.3,3864,
0120305,tt27335167,SNW,Through the Lens of Time,3,5,2025-08-07,7.5,2535,
0120306,tt27335229,SNW,The Sehlat Who Ate Its Tail,3,6,2025-08-14,8.3,2769,
0120307,tt27335310,SNW,What Is Starfleet?,3,7,2025-08-21,6.2,2982,
0120308,tt27335395,SNW,Four‐and‐a‐Half Vulcans,3,8,2025-08-28,6.8,2831,
0120309,tt27335500,SNW,Terrarium,3,9,2025-09-04,7.6,2331,
0120310,tt27335626,SNW,New Life and New Civilizations,3,10,2025-09-11,7.1,1973,
0100501,tt27336105,LD,Dos Cerritos,5,1,2024-10-24,7.7,740,
0100502,tt27336117,LD,Shades of Green,5,2,2024-10-24,7.3,715,
0100503,tt27336118,LD,The Best Exotic Nanite Hotel,5,3,2024-10-31,7.3,676,
0100504,tt27336119,LD,A Farewell to Farms,5,4,2024-11-07,7.5,681,
0100505,tt27336122,LD,Starbase 80?!,5,5,2024-11-14,7.6,667,
0100506,tt27336123,LD,Of Gods and Angels,5,6,2024-11-21,7.3,633,
0100507,tt27336125,LD,Fully Dilated,5,7,2024-11-28,8.1,671,
0100508,tt27336126,LD,Upper Decks,5,8,2024-12-05,7.6,634,
0100509,tt27336127,LD,Fissure Quest,5,9,2024-12-12,9.0,1037,
0100510,tt27336129,LD,The New Next Generation,5,10,2024-12-19,8.9,826,
0110202,tt28813869,PRO,"Into the Breach, Part II",2,2,2024-07-01,7.8,406,
0110203,tt28813877,PRO,Who Saves the Saviors,2,3,2024-07-01,8.0,399,
0110204,tt28813889,PRO,Temporal Mechanics 101,2,4,2024-07-01,8.0,403,
0110205,tt28813894,PRO,Observer’s Paradox,2,5,2024-07-01,7.9,388,
0110206,tt28813900,PRO,Imposter Syndrome,2,6,2024-07-01,7.7,386,
0110207,tt28813904,PRO,The Fast and the Curious,2,7,2024-07-01,7.4,381,
0110208,tt28813909,PRO,Is There in Beauty No Truth?,2,8,2024-07-01,7.9,383,
0110209,tt28813914,PRO,"The Devourer of All Things, Part I",2,9,2024-07-01,8.5,403,
0110210,tt28814013,PRO,"The Devourer of All Things, Part II",2,10,2024-07-01,8.6,396,
0110211,tt28814017,PRO,"Last Flight of the Protostar, Part I",2,11,2024-07-01,8.3,383,
0110212,tt28814026,PRO,"Last Flight of the Protostar, Part II",2,12,2024-07-01,8.2,380,
0110213,tt28814041,PRO,A Tribble Called Quest,2,13,2024-07-01,7.6,371,
0110214,tt28814044,PRO,Cracked Mirror,2,14,2024-07-01,8.2,373,
0110215,tt28814045,PRO,"Ascension, Part I",2,15,2024-07-01,8.3,369,
0110216,tt28814051,PRO,"Ascension, Part II",2,16,2024-07-01,8.5,376,
0110217,tt28814058,PRO,Brink,2,17,2024-07-01,8.2,356,
0110218,tt28814062,PRO,Touch of Grey,2,18,2024-07-01,8.2,353,
0110219,tt28814072,PRO,"Ouroboros, Part I",2,19,2024-07-01,8.6,373,
0110220,tt28814073,PRO,"Ouroboros, Part II",2,20,2024-07-01,8.8,431,
0120401,tt32103346,SNW,,4,1,,,,
0120404,tt36298580,SNW,,4,4,,,,
0120402,tt37230754,SNW,,4,2,,,,
0120403,tt37230760,SNW,,4,3,,,,
0120405,tt37231032,SNW,,4,5,,,,
0120406,tt37231044,SNW,,4,6,,,,
0120407,tt37231059,SNW,,4,7,,,,
0120408,tt37231063,SNW,,4,8,,,,
0120409,tt37231069,SNW,,4,9,,,,
0120410,tt37231094,SNW,,4,10,,,,
0120502,tt37275104,SNW,,5,2,,,,
0120503,tt37275107,SNW,,5,3,,,,
0120504,tt37275112,SNW,,5,4,,,,
0120505,tt37275116,SNW,,5,5,,,,
0120506,tt37275124,SNW,,5,6,,,,
0120501,tt37275143,SNW,,5,1,,,,
0070101,tt5509372,DSC,The Vulcan Hello,1,1,2017-09-24,7.2,8350,
0070102,tt5835712,DSC,Battle at the Binary Stars,1,2,2017-09-24,7.5,7547,
0070103,tt5835714,DSC,Context Is for Kings,1,3,2017-10-01,7.7,7028,
0070104,tt5870994,DSC,The Butcher’s Knife Cares Not for the Lamb’s Cry,1,4,2017-10-08,7.2,6016,
0070105,tt5870996,DSC,Choose Your Pain,1,5,2017-10-15,7.3,5922,
0070106,tt5870998,DSC,Lethe,1,6,2017-10-22,7.3,5514,
0070107,tt5884346,DSC,Magic to Make the Sanest Man Go Mad,1,7,2017-10-29,7.5,5976,
0070108,tt5888594,DSC,"Si Vis Pacem, Para Bellum",1,8,2017-11-05,6.8,4958,
0070109,tt5890578,DSC,Into the Forest I Go,1,9,2017-11-12,7.9,5365,
0070110,tt6011050,DSC,Despite Yourself,1,10,2018-01-07,7.9,5220,
0070111,tt6011052,DSC,The Wolf Inside,1,11,2018-01-14,7.8,4767,
0070112,tt6011054,DSC,Vaulting Ambition,1,12,2018-01-21,8.1,5127,
0070113,tt6011058,DSC,What’s Past Is Prologue,1,13,2018-01-28,8.1,4937,
0070114,tt6902342,DSC,"The War Without, the War Within",1,14,2018-02-04,7.5,4204,
0070115,tt6902346,DSC,Will You Take My Hand?,1,15,2018-02-11,7.1,4699,
0070201,tt7562000,DSC,Brother,2,1,2019-01-17,7.4,5351,
0070204,tt8201650,DSC,An Obol for Charon,2,4,2019-02-07,7.3,4300,
0070202,tt8282868,DSC,New Eden,2,2,2019-01-24,7.8,4914,
0070210,tt8282872,DSC,The Red Angel,2,10,2019-03-21,7.2,3856,
0070203,tt8288432,DSC,Point of Light,2,3,2019-01-31,6.6,4435,
0070205,tt8288434,DSC,Saints of Imperfection,2,5,2019-02-14,6.6,4346,
0070206,tt8288436,DSC,The Sounds of Thunder,2,6,2019-02-21,7.7,4132,
0070207,tt8288438,DSC,Light and Shadows,2,7,2019-02-28,7.3,3740,
0070208,tt8288440,DSC,If Memory Serves,2,8,2019-03-07,8.2,4534,
0070211,tt8288442,DSC,Perpetual Infinity,2,11,2019-03-28,7.2,3630,
0070209,tt8288444,DSC,Project Daedalus,2,9,2019-03-14,7.9,4101,
0070212,tt8288446,DSC,Through the Valley of Shadows,2,12,2019-04-04,7.6,3545,
0070213,tt8288448,DSC,Such Sweet Sorrow,2,13,2019-04-11,7.3,4021,
0080101,tt9059596,STT,Runaway,1,1,2018-10-04,6.7,1142,
0080102,tt9059606,STT,Calypso,1,2,2018-11-08,7.8,1243,
0080103,tt9059608,STT,The Brightest Star,1,3,2018-12-06,7.2,976,
0080104,tt9059610,STT,The Escape Artist,1,4,2019-01-03,7.6,935,
0100101,tt9207516,LD,Second Contact,1,1,2020-08-06,6.9,2431,
0100102,tt9207518,LD,Envoys,1,2,2020-08-13,7.0,1978,
0100103,tt9207520,LD,Temporal Edict,1,3,2020-08-20,7.2,1847,
0100104,tt9207522,LD,Moist Vessel,1,4,2020-08-27,7.3,1741,
0100105,tt9207524,LD,Cupid’s Errant Arrow,1,5,2020-09-03,7.5,1683,
0100106,tt9207526,LD,Terminal Provocations,1,6,2020-09-10,7.2,1626,
0100107,tt9207528,LD,Much Ado About Boimler,1,7,2020-09-17,7.5,1595,
0100108,tt9207530,LD,Veritas,1,8,2020-09-24,7.6,1640,
0100109,tt9207532,LD,Crisis Point,1,9,2020-10-01,8.1,1695,
0100110,tt9207534,LD,No Small Parts,1,10,2020-10-08,8.7,1891,
0100201,tt9207540,LD,Strange Energies,2,1,2021-08-12,7.1,1350,
0100202,tt9207542,LD,"Kayshon, His Eyes Open",2,2,2021-08-19,7.6,1323,
0100203,tt9207544,LD,We’ll Always Have Tom Paris,2,3,2021-08-26,7.6,1263,
0100204,tt9207546,LD,"Mugato, Gumato",2,4,2021-09-02,7.4,1218,
0100205,tt9207548,LD,An Embarrassment of Dooplers,2,5,2021-09-09,7.7,1220,
0100206,tt9207550,LD,The Spy Humongous,2,6,2021-09-16,7.5,1198,
0100207,tt9207552,LD,Where Pleasant Fountains Lie,2,7,2021-09-23,7.8,1244,
0100208,tt9207554,LD,"I, Excretus",2,8,2021-09-30,8.4,1397,
0100209,tt9207556,LD,wej Duj,2,9,2021-10-07,8.7,1481,
0100210,tt9207558,LD,First First Contact,2,10,2021-10-14,8.6,1350,
0090101,tt9381924,PIC,Remembrance,1,1,2020-01-23,8.2,8209,
0090102,tt9420276,PIC,Maps and Legends,1,2,2020-01-30,7.4,6270,
0090103,tt9420278,PIC,The End is the Beginning,1,3,2020-02-06,7.4,5639,
0090104,tt9420280,PIC,Absolute Candor,1,4,2020-02-13,7.2,5329,
0090105,tt9420282,PIC,Stardust City Rag,1,5,2020-02-20,6.9,5499,
0090106,tt9420284,PIC,The Impossible Box,1,6,2020-02-27,7.8,4820,
0090107,tt9420288,PIC,Nepenthe,1,7,2020-03-05,8.3,5350,
0090108,tt9420290,PIC,Broken Pieces,1,8,2020-03-12,7.8,4566,
0070214,tt9572608,DSC,"Such Sweet Sorrow, Part 2",2,14,2019-04-18,8.2,5275,
0070301,tt9877958,DSC,"That Hope Is You, Part 1",3,1,2020-10-15,7.3,5310,
