tconst	parentTconst	seasonNumber	episodeNumber
tt0059753	tt0060028	1	0
tt0061027	tt0060028	1	3
tt0094030	tt0092455	1	1
tt0108214	tt0106145	1	1
tt0111281	tt0092455	7	25
tt0114530	tt0112178	1	1
tt0162905	tt0092455	5	18
tt0170501	tt0092455	5	1
tt0286610	tt0244365	1	1
tt0394903	tt0060028	1	13
tt0394904	tt0060028	1	11
tt0394905	tt0060028	1	8
tt0394906	tt0106145	4	1
tt0394907	tt0106145	7	25
tt0394908	tt0112178	3	16
tt0394909	tt0112178	5	10
tt0394910	tt0112178	5	15
tt0394911	tt0112178	7	24
tt0394912	tt0112178	7	9
tt0394913	tt0112178	4	18
tt0394914	tt0112178	7	11
tt0394915	tt0112178	3	7
tt0394916	tt0112178	7	15
tt0572172	tt0244365	2	5
tt0572173	tt0244365	1	19
tt0572174	tt0244365	4	15
tt0572175	tt0244365	3	2
tt0572176	tt0244365	4	8
tt0572177	tt0244365	3	18
tt0572178	tt0244365	4	12
tt0572179	tt0244365	4	4
tt0572180	tt0244365	4	17
tt0572181	tt0244365	2	25
tt0572182	tt0244365	1	8
tt0572185	tt0244365	2	17
tt0572186	tt0244365	2	2
tt0572187	tt0244365	3	11
tt0572188	tt0244365	2	15
tt0572189	tt0244365	3	12
tt0572190	tt0244365	1	9
tt0572191	tt0244365	2	22
tt0572192	tt0244365	1	11
tt0572193	tt0244365	4	5
tt0572194	tt0244365	3	23
tt0572195	tt0244365	4	10
tt0572196	tt0244365	3	19
tt0572197	tt0244365	2	13
tt0572198	tt0244365	2	4
tt0572199	tt0244365	1	13
tt0572200	tt0244365	4	20
tt0572201	tt0244365	1	24
tt0572202	tt0244365	1	21
tt0572203	tt0244365	4	16
tt0572204	tt0244365	3	16
tt0572205	tt0244365	3	21
tt0572206	tt0244365	3	6
tt0572207	tt0244365	3	3
tt0572208	tt0244365	1	23
tt0572209	tt0244365	1	3
tt0572210	tt0244365	2	24
tt0572211	tt0244365	1	10
tt0572212	tt0244365	1	17
tt0572213	tt0244365	2	16
tt0572214	tt0244365	3	15
tt0572215	tt0244365	3	17
tt0572216	tt0244365	4	3
tt0572217	tt0244365	2	20
tt0572218	tt0244365	3	5
tt0572219	tt0244365	4	18
tt0572220	tt0244365	4	19
tt0572221	tt0244365	2	19
tt0572222	tt0244365	4	9
tt0572223	tt0244365	2	6
tt0572224	tt0244365	2	3
tt0572225	tt0244365	3	9
tt0572226	tt0244365	1	20
tt0572227	tt0244365	2	11
tt0572228	tt0244365	3	13
tt0572229	tt0244365	3	4
tt0572230	tt0244365	2	23
tt0572231	tt0244365	1	18
tt0572232	tt0244365	1	15
tt0572233	tt0244365	1	26
tt0572234	tt0244365	2	1
tt0572235	tt0244365	1	12
tt0572236	tt0244365	3	10
tt0572237	tt0244365	2	9
tt0572238	tt0244365	1	14
tt0572239	tt0244365	2	14
tt0572240	tt0244365	4	1
tt0572241	tt0244365	4	2
tt0572242	tt0244365	1	4
tt0572243	tt0244365	3	14
tt0572244	tt0244365	1	6
tt0572245	tt0244365	4	21
tt0572246	tt0244365	4	14
tt0572247	tt0244365	1	7
tt0572248	tt0244365	4	6
tt0572249	tt0244365	2	21
tt0572250	tt0244365	2	12
tt0572251	tt0244365	2	8
tt0572252	tt0244365	3	22
tt0572253	tt0244365	2	18
tt0572254	tt0244365	2	26
tt0572255	tt0244365	4	7
tt0572256	tt0244365	3	20
tt0572257	tt0244365	2	7
tt0572258	tt0244365	3	7
tt0572259	tt0244365	3	1
tt0572260	tt0244365	4	22
tt0572261	tt0244365	3	8
tt0572262	tt0244365	1	25
tt0572263	tt0244365	1	5
tt0572264	tt0244365	4	13
tt0572265	tt0244365	2	10
tt0572266	tt0244365	1	22
tt0572267	tt0244365	3	24
tt0708412	tt0060028	2	17
tt0708413	tt0060028	2	19
tt0708414	tt0060028	1	23
tt0708415	tt0060028	3	23
tt0708416	tt0060028	2	1
tt0708417	tt0060028	3	4
tt0708418	tt0060028	1	18
tt0708419	tt0060028	2	26
tt0708420	tt0060028	1	14
tt0708421	tt0060028	2	25
tt0708422	tt0060028	2	22
tt0708423	tt0060028	2	7
tt0708424	tt0060028	1	2
tt0708425	tt0060028	1	20
tt0708426	tt0060028	1	9
tt0708427	tt0060028	3	7
tt0708428	tt0060028	3	13
tt0708429	tt0060028	1	26
tt0708430	tt0060028	3	8
tt0708431	tt0060028	2	11
tt0708432	tt0060028	2	8
tt0708433	tt0060028	3	5
tt0708434	tt0060028	2	10
tt0708435	tt0060028	3	15
tt0708436	tt0060028	2	9
tt0708438	tt0060028	2	4
tt0708439	tt0060028	1	6
tt0708440	tt0060028	2	13
tt0708441	tt0060028	1	29
tt0708442	tt0060028	2	21
tt0708443	tt0060028	3	10
tt0708444	tt0060028	3	19
tt0708445	tt0060028	2	20
tt0708446	tt0060028	1	15
tt0708447	tt0060028	1	22
tt0708448	tt0060028	3	6
tt0708449	tt0060028	3	1
tt0708450	tt0060028	3	17
tt0708451	tt0060028	1	27
tt0708452	tt0060028	2	5
tt0708454	tt0060028	2	3
tt0708455	tt0060028	1	28
tt0708456	tt0060028	3	21
tt0708458	tt0060028	1	10
tt0708459	tt0060028	2	12
tt0708460	tt0060028	1	25
tt0708461	tt0060028	2	6
tt0708462	tt0060028	3	12
tt0708463	tt0060028	1	5
tt0708464	tt0060028	3	2
tt0708465	tt0060028	1	16
tt0708466	tt0060028	2	16
tt0708467	tt0060028	2	18
tt0708468	tt0060028	3	18
tt0708469	tt0060028	1	1
tt0708470	tt0060028	3	16
tt0708472	tt0060028	1	12
tt0708473	tt0060028	1	4
tt0708474	tt0060028	2	23
tt0708475	tt0060028	3	3
tt0708476	tt0060028	1	21
tt0708477	tt0060028	3	22
tt0708478	tt0060028	1	17
tt0708479	tt0060028	3	9
tt0708480	tt0060028	2	15
tt0708481	tt0060028	2	24
tt0708482	tt0060028	3	20
tt0708483	tt0060028	1	24
tt0708484	tt0060028	1	19
tt0708485	tt0060028	3	24
tt0708486	tt0060028	1	7
tt0708488	tt0060028	2	2
tt0708489	tt0060028	3	14
tt0708490	tt0060028	3	11
tt0708491	tt0060028	2	14
tt0708492	tt0106145	7	18
tt0708493	tt0106145	5	4
tt0708494	tt0106145	1	4
tt0708495	tt0106145	5	17
tt0708496	tt0106145	6	1
tt0708497	tt0106145	4	16
tt0708498	tt0106145	7	3
tt0708499	tt0106145	5	1
tt0708500	tt0106145	2	13
tt0708501	tt0106145	1	5
tt0708502	tt0106145	7	15
tt0708503	tt0106145	4	15
tt0708504	tt0106145	1	13
tt0708505	tt0106145	6	4
tt0708506	tt0106145	5	23
tt0708507	tt0106145	2	19
tt0708508	tt0106145	4	24
tt0708509	tt0106145	4	25
tt0708510	tt0106145	5	18
tt0708511	tt0106145	5	15
tt0708512	tt0106145	5	26
tt0708513	tt0106145	1	6
tt0708514	tt0106145	2	5
tt0708515	tt0106145	6	16
tt0708516	tt0106145	5	22
tt0708517	tt0106145	7	14
tt0708518	tt0106145	7	5
tt0708519	tt0106145	3	7
tt0708520	tt0106145	7	9
tt0708521	tt0106145	4	12
tt0708522	tt0106145	2	23
tt0708523	tt0106145	1	8
tt0708524	tt0106145	3	9
tt0708525	tt0106145	3	15
tt0708526	tt0106145	3	18
tt0708527	tt0106145	5	16
tt0708528	tt0106145	1	18
tt0708529	tt0106145	1	19
tt0708532	tt0106145	5	24
tt0708533	tt0106145	3	4
tt0708534	tt0106145	3	22
tt0708535	tt0106145	7	23
tt0708536	tt0106145	3	25
tt0708537	tt0106145	3	23
tt0708538	tt0106145	6	13
tt0708539	tt0106145	3	10
tt0708540	tt0106145	6	5
tt0708541	tt0106145	5	20
tt0708542	tt0106145	7	13
tt0708543	tt0106145	4	21
tt0708544	tt0106145	5	13
tt0708545	tt0106145	4	18
tt0708546	tt0106145	3	14
tt0708547	tt0106145	4	3
tt0708548	tt0106145	6	20
tt0708549	tt0106145	4	10
tt0708550	tt0106145	6	15
tt0708551	tt0106145	1	16
tt0708552	tt0106145	7	1
tt0708553	tt0106145	3	20
tt0708554	tt0106145	5	14
tt0708555	tt0106145	5	25
tt0708556	tt0106145	1	20
tt0708557	tt0106145	6	19
tt0708558	tt0106145	4	4
tt0708559	tt0106145	6	18
tt0708560	tt0106145	7	16
tt0708561	tt0106145	2	4
tt0708562	tt0106145	7	10
tt0708563	tt0106145	5	7
tt0708564	tt0106145	3	13
tt0708565	tt0106145	4	6
tt0708566	tt0106145	5	3
tt0708567	tt0106145	2	6
tt0708568	tt0106145	3	8
tt0708569	tt0106145	1	10
tt0708570	tt0106145	2	8
tt0708571	tt0106145	7	7
tt0708572	tt0106145	6	14
tt0708573	tt0106145	4	9
tt0708574	tt0106145	2	15
tt0708575	tt0106145	4	11
tt0708576	tt0106145	1	3
tt0708577	tt0106145	3	11
tt0708578	tt0106145	3	12
tt0708579	tt0106145	7	17
tt0708580	tt0106145	2	17
tt0708581	tt0106145	7	11
tt0708582	tt0106145	6	23
tt0708583	tt0106145	2	18
tt0708584	tt0106145	1	15
tt0708585	tt0106145	3	16
tt0708586	tt0106145	1	7
tt0708587	tt0106145	5	10
tt0708588	tt0106145	4	5
tt0708589	tt0106145	6	8
tt0708590	tt0106145	4	13
tt0708591	tt0106145	2	11
tt0708592	tt0106145	6	2
tt0708593	tt0106145	2	7
tt0708594	tt0106145	4	17
tt0708595	tt0106145	6	6
tt0708596	tt0106145	2	10
tt0708597	tt0106145	2	9
tt0708598	tt0106145	3	5
tt0708599	tt0106145	2	16
tt0708600	tt0106145	7	2
tt0708601	tt0106145	3	24
tt0708602	tt0106145	4	19
tt0708603	tt0106145	5	21
tt0708604	tt0106145	6	3
tt0708605	tt0106145	4	7
tt0708606	tt0106145	6	9
tt0708607	tt0106145	7	19
tt0708608	tt0106145	7	22
tt0708609	tt0106145	7	4
tt0708610	tt0106145	6	26
tt0708611	tt0106145	3	6
tt0708612	tt0106145	3	26
tt0708613	tt0106145	2	12
tt0708614	tt0106145	5	9
tt0708615	tt0106145	5	5
tt0708616	tt0106145	5	12
tt0708617	tt0106145	7	20
tt0708618	tt0106145	2	2
tt0708619	tt0106145	2	24
tt0708620	tt0106145	5	11
tt0708621	tt0106145	3	21
tt0708622	tt0106145	7	24
tt0708623	tt0106145	7	12
tt0708624	tt0106145	1	17
tt0708625	tt0106145	2	1
tt0708626	tt0106145	3	3
tt0708627	tt0106145	2	26
tt0708628	tt0106145	6	10
tt0708629	tt0106145	2	20
tt0708630	tt0106145	2	21
tt0708631	tt0106145	4	20
tt0708632	tt0106145	1	11
tt0708633	tt0106145	1	9
tt0708634	tt0106145	4	23
tt0708635	tt0106145	6	21
tt0708636	tt0106145	3	1
tt0708637	tt0106145	3	2
tt0708638	tt0106145	5	2
tt0708639	tt0106145	2	3
tt0708640	tt0106145	7	8
tt0708641	tt0106145	4	14
tt0708642	tt0106145	6	25
tt0708643	tt0106145	1	14
tt0708644	tt0106145	4	8
tt0708645	tt0106145	4	2
tt0708648	tt0106145	2	22
tt0708649	tt0106145	5	8
tt0708650	tt0106145	3	19
tt0708651	tt0106145	5	19
tt0708652	tt0106145	6	24
tt0708653	tt0106145	4	22
tt0708654	tt0106145	7	6
tt0708655	tt0106145	5	6
tt0708656	tt0106145	2	25
tt0708657	tt0106145	6	22
tt0708658	tt0106145	3	17
tt0708659	tt0106145	1	12
tt0708660	tt0106145	6	11
tt0708663	tt0106145	7	21
tt0708664	tt0106145	2	14
tt0708665	tt0106145	6	12
tt0708666	tt0106145	6	17
tt0708667	tt0106145	6	7
tt0708668	tt0092455	1	14
tt0708669	tt0092455	6	8
tt0708670	tt0092455	2	8
tt0708671	tt0092455	3	14
tt0708672	tt0092455	5	9
tt0708675	tt0092455	3	18
tt0708676	tt0092455	1	13
tt0708677	tt0092455	6	13
tt0708678	tt0092455	7	8
tt0708679	tt0092455	6	16
tt0708680	tt0092455	6	17
tt0708681	tt0092455	7	22
tt0708682	tt0092455	3	6
tt0708683	tt0092455	4	3
tt0708684	tt0092455	3	19
tt0708686	tt0092455	6	10
tt0708687	tt0092455	6	11
tt0708688	tt0092455	4	14
tt0708689	tt0092455	1	3
tt0708690	tt0092455	1	18
tt0708691	tt0092455	1	24
tt0708692	tt0092455	2	11
tt0708693	tt0092455	5	14
tt0708694	tt0092455	5	20
tt0708695	tt0092455	7	7
tt0708696	tt0092455	5	2
tt0708697	tt0092455	4	11
tt0708698	tt0092455	1	12
tt0708699	tt0092455	3	13
tt0708700	tt0092455	6	26
tt0708701	tt0092455	7	1
tt0708702	tt0092455	4	13
tt0708703	tt0092455	5	5
tt0708704	tt0092455	2	3
tt0708705	tt0092455	7	23
tt0708708	tt0092455	5	3
tt0708709	tt0092455	5	16
tt0708710	tt0092455	3	1
tt0708711	tt0092455	7	18
tt0708712	tt0092455	6	14
tt0708713	tt0092455	4	2
tt0708714	tt0092455	4	9
tt0708715	tt0092455	4	15
tt0708716	tt0092455	7	21
tt0708717	tt0092455	7	9
tt0708718	tt0092455	6	21
tt0708719	tt0092455	4	8
tt0708720	tt0092455	4	16
tt0708721	tt0092455	7	4
tt0708722	tt0092455	7	5
tt0708723	tt0092455	7	19
tt0708724	tt0092455	4	22
tt0708725	tt0092455	1	10
tt0708726	tt0092455	1	19
tt0708727	tt0092455	5	11
tt0708728	tt0092455	1	9
tt0708729	tt0092455	3	21
tt0708730	tt0092455	1	17
tt0708731	tt0092455	7	13
tt0708732	tt0092455	5	23
tt0708733	tt0092455	4	18
tt0708734	tt0092455	5	22
tt0708735	tt0092455	4	25
tt0708736	tt0092455	7	10
tt0708737	tt0092455	7	3
tt0708738	tt0092455	7	20
tt0708739	tt0092455	1	7
tt0708740	tt0092455	4	6
tt0708741	tt0092455	6	19
tt0708742	tt0092455	7	2
tt0708743	tt0092455	1	6
tt0708744	tt0092455	2	5
tt0708745	tt0092455	7	15
tt0708746	tt0092455	6	3
tt0708747	tt0092455	2	19
tt0708748	tt0092455	7	17
tt0708749	tt0092455	3	24
tt0708750	tt0092455	5	10
tt0708751	tt0092455	4	17
tt0708752	tt0092455	7	11
tt0708753	tt0092455	2	21
tt0708754	tt0092455	2	15
tt0708755	tt0092455	7	6
tt0708756	tt0092455	5	15
tt0708757	tt0092455	7	24
tt0708758	tt0092455	2	16
tt0708759	tt0092455	4	20
tt0708760	tt0092455	6	7
tt0708761	tt0092455	6	2
tt0708762	tt0092455	4	26
tt0708764	tt0092455	6	4
tt0708765	tt0092455	4	5
tt0708766	tt0092455	4	7
tt0708767	tt0092455	6	23
tt0708768	tt0092455	2	17
tt0708769	tt0092455	3	23
tt0708770	tt0092455	6	5
tt0708771	tt0092455	6	24
tt0708772	tt0092455	2	22
tt0708773	tt0092455	6	12
tt0708774	tt0092455	5	4
tt0708775	tt0092455	3	17
tt0708776	tt0092455	1	22
tt0708777	tt0092455	6	18
tt0708778	tt0092455	7	14
tt0708779	tt0092455	4	4
tt0708780	tt0092455	6	22
tt0708781	tt0092455	1	21
tt0708782	tt0092455	6	15
tt0708783	tt0092455	1	20
tt0708784	tt0092455	1	8
tt0708785	tt0092455	3	26
tt0708786	tt0092455	4	1
tt0708787	tt0092455	1	11
tt0708788	tt0092455	3	5
tt0708789	tt0092455	6	20
tt0708790	tt0092455	2	1
tt0708791	tt0092455	2	10
tt0708792	tt0092455	3	10
tt0708793	tt0092455	4	21
tt0708794	tt0092455	2	20
tt0708795	tt0092455	3	7
tt0708796	tt0092455	3	2
tt0708797	tt0092455	5	19
tt0708798	tt0092455	5	6
tt0708799	tt0092455	3	12
tt0708800	tt0092455	4	23
tt0708801	tt0092455	3	11
tt0708802	tt0092455	2	14
tt0708803	tt0092455	5	25
tt0708804	tt0092455	1	4
tt0708805	tt0092455	4	10
tt0708806	tt0092455	5	13
tt0708807	tt0092455	2	9
tt0708808	tt0092455	4	24
tt0708809	tt0092455	3	22
tt0708810	tt0092455	1	2
tt0708811	tt0092455	1	25
tt0708812	tt0092455	5	24
tt0708813	tt0092455	4	19
tt0708814	tt0092455	3	16
tt0708815	tt0092455	5	17
tt0708816	tt0092455	2	4
tt0708817	tt0092455	7	12
tt0708818	tt0092455	5	21
tt0708819	tt0092455	3	8
tt0708820	tt0092455	6	9
tt0708821	tt0092455	2	12
tt0708822	tt0092455	2	6
tt0708823	tt0092455	3	3
tt0708824	tt0092455	3	9
tt0708825	tt0092455	4	12
tt0708826	tt0092455	7	16
tt0708827	tt0092455	2	13
tt0708828	tt0092455	5	26
tt0708829	tt0092455	6	1
tt0708830	tt0092455	6	25
tt0708831	tt0092455	3	20
tt0708832	tt0092455	1	15
tt0708833	tt0092455	3	25
tt0708834	tt0092455	6	6
tt0708835	tt0092455	5	7
tt0708836	tt0092455	5	8
tt0708837	tt0092455	2	7
tt0708838	tt0092455	2	18
tt0708839	tt0092455	5	12
tt0708840	tt0092455	1	23
tt0708841	tt0092455	1	16
tt0708842	tt0092455	1	5
tt0708843	tt0092455	2	2
tt0708844	tt0092455	3	4
tt0708845	tt0092455	3	15
tt0708846	tt0112178	5	22
tt0708847	tt0112178	6	5
tt0708848	tt0112178	2	14
tt0708849	tt0112178	3	14
tt0708850	tt0112178	6	18
tt0708851	tt0112178	7	19
tt0708852	tt0112178	6	3
tt0708853	tt0112178	2	26
tt0708854	tt0112178	3	1
tt0708855	tt0112178	3	21
tt0708856	tt0112178	6	12
tt0708857	tt0112178	5	14
tt0708859	tt0112178	7	7
tt0708860	tt0112178	5	12
tt0708863	tt0112178	1	12
tt0708864	tt0112178	6	19
tt0708865	tt0112178	3	15
tt0708866	tt0112178	2	10
tt0708867	tt0112178	6	16
tt0708868	tt0112178	4	11
tt0708870	tt0112178	7	5
tt0708873	tt0112178	4	3
tt0708874	tt0112178	2	21
tt0708875	tt0112178	2	18
tt0708876	tt0112178	4	24
tt0708877	tt0112178	3	24
tt0708878	tt0112178	3	23
tt0708879	tt0112178	6	7
tt0708880	tt0112178	2	17
tt0708881	tt0112178	7	3
tt0708882	tt0112178	5	2
tt0708883	tt0112178	2	4
tt0708884	tt0112178	1	8
tt0708887	tt0112178	5	25
tt0708888	tt0112178	6	1
tt0708889	tt0112178	1	7
tt0708890	tt0112178	5	3
tt0708891	tt0112178	1	6
tt0708892	tt0112178	1	13
tt0708893	tt0112178	6	11
tt0708894	tt0112178	3	13
tt0708895	tt0112178	3	5
tt0708896	tt0112178	3	20
tt0708897	tt0112178	3	2
tt0708900	tt0112178	7	20
tt0708901	tt0112178	6	23
tt0708902	tt0112178	3	8
tt0708903	tt0112178	3	9
tt0708904	tt0112178	6	20
tt0708905	tt0112178	5	13
tt0708906	tt0112178	1	11
tt0708907	tt0112178	7	22
tt0708908	tt0112178	4	26
tt0708909	tt0112178	7	17
tt0708910	tt0112178	4	15
tt0708911	tt0112178	7	2
tt0708912	tt0112178	5	4
tt0708913	tt0112178	5	7
tt0708914	tt0112178	2	2
tt0708915	tt0112178	2	22
tt0708916	tt0112178	7	6
tt0708917	tt0112178	2	20
tt0708918	tt0112178	1	14
tt0708919	tt0112178	5	20
tt0708920	tt0112178	5	11
tt0708921	tt0112178	1	15
tt0708922	tt0112178	6	24
tt0708923	tt0112178	2	19
tt0708925	tt0112178	6	21
tt0708926	tt0112178	4	23
tt0708927	tt0112178	3	12
tt0708928	tt0112178	2	11
tt0708929	tt0112178	2	16
tt0708930	tt0112178	6	14
tt0708931	tt0112178	4	14
tt0708932	tt0112178	4	12
tt0708933	tt0112178	6	22
tt0708934	tt0112178	7	21
tt0708935	tt0112178	4	4
tt0708936	tt0112178	5	1
tt0708937	tt0112178	7	8
tt0708938	tt0112178	2	5
tt0708939	tt0112178	5	8
tt0708940	tt0112178	5	5
tt0708941	tt0112178	4	25
tt0708942	tt0112178	6	8
tt0708943	tt0112178	1	2
tt0708944	tt0112178	6	10
tt0708945	tt0112178	2	8
tt0708946	tt0112178	1	4
tt0708947	tt0112178	4	16
tt0708948	tt0112178	1	9
tt0708949	tt0112178	2	3
tt0708950	tt0112178	7	13
tt0708951	tt0112178	2	13
tt0708952	tt0112178	7	18
tt0708953	tt0112178	4	10
tt0708954	tt0112178	3	22
tt0708955	tt0112178	5	23
tt0708956	tt0112178	3	6
tt0708957	tt0112178	7	23
tt0708958	tt0112178	7	12
tt0708959	tt0112178	7	4
tt0708960	tt0112178	2	12
tt0708961	tt0112178	2	25
tt0708962	tt0112178	4	17
tt0708963	tt0112178	4	5
tt0708964	tt0112178	6	6
tt0708965	tt0112178	3	19
tt0708967	tt0112178	4	7
tt0708968	tt0112178	3	26
tt0708969	tt0112178	4	1
tt0708970	tt0112178	7	10
tt0708971	tt0112178	5	21
tt0708972	tt0112178	6	17
tt0708973	tt0112178	1	10
tt0708974	tt0112178	6	2
tt0708975	tt0112178	2	9
tt0708976	tt0112178	2	1
tt0708977	tt0112178	3	3
tt0708978	tt0112178	1	5
tt0708979	tt0112178	3	18
tt0708980	tt0112178	5	16
tt0708981	tt0112178	5	18
tt0708982	tt0112178	4	2
tt0708983	tt0112178	6	25
tt0708985	tt0112178	4	19
tt0708986	tt0112178	4	21
tt0708987	tt0112178	3	11
tt0708988	tt0112178	4	6
tt0708989	tt0112178	3	4
tt0708990	tt0112178	2	23
tt0708991	tt0112178	7	14
tt0708992	tt0112178	6	9
tt0708993	tt0112178	5	19
tt0708994	tt0112178	5	9
tt0708995	tt0112178	2	15
tt0708996	tt0112178	1	3
tt0708997	tt0112178	5	6
tt0708998	tt0112178	6	4
tt0708999	tt0112178	6	15
tt0709000	tt0112178	2	24
tt0709001	tt0112178	2	6
tt0709002	tt0112178	4	22
tt0709003	tt0112178	6	26
tt0709004	tt0112178	7	1
tt0709005	tt0112178	3	17
tt0709006	tt0112178	6	13
tt0709007	tt0112178	4	20
tt0709008	tt0112178	4	13
tt0709009	tt0112178	5	24
tt0709010	tt0112178	3	10
tt0709012	tt0112178	7	16
tt0709013	tt0112178	3	25
tt0709014	tt0112178	4	8
tt0709015	tt0112178	4	9
tt0763253	tt0244365	1	16
tt0765592	tt0244365	4	11
tt0777529	tt0112178	2	7
tt0795288	tt0112178	5	17
tt0827626	tt0069637	1	1
tt0827627	tt0069637	2	6
tt0827628	tt0069637	1	2
tt0832412	tt0069637	2	4
tt0832413	tt0069637	2	2
tt0832414	tt0069637	2	5
tt0832415	tt0069637	1	5
tt0832416	tt0069637	1	10
tt0832417	tt0069637	1	9
tt0832418	tt0069637	1	3
tt0832419	tt0069637	1	13
tt0832420	tt0069637	1	15
tt0832421	tt0069637	1	7
tt0832422	tt0069637	1	16
tt0832423	tt0069637	1	4
tt0832424	tt0069637	1	8
tt0832425	tt0069637	2	1
tt0832426	tt0069637	2	3
tt0832427	tt0069637	1	14
tt0832428	tt0069637	1	6
tt0832429	tt0069637	1	11
tt0832430	tt0069637	1	12
tt10073428	tt8806524	1	9
tt10073432	tt8806524	1	10
tt10199644	tt5171438	3	3
tt10535174	tt9059594	2	1
tt10619492	tt9795876	1	1
tt10677378	tt5171438	3	2
tt10677382	tt5171438	3	5
tt10677384	tt5171438	3	4
tt11075922	tt9059594	2	2
tt11075934	tt9059594	2	3
tt11075946	tt9059594	2	5
tt11075948	tt9059594	2	4
tt11080172	tt9059594	2	6
tt11427530	tt5171438	3	8
tt11596676	tt8806524	2	1
tt12013206	tt5171438	3	6
tt12013210	tt5171438	3	7
tt12013212	tt5171438	3	9
tt12047894	tt5171438	3	10
tt12047908	tt5171438	3	11
tt12047914	tt5171438	3	12
tt12047918	tt5171438	3	13
tt12330364	tt12327578	1	1
tt13345554	tt5171438	4	1
tt14066802	tt5171438	4	6
tt14074220	tt5171438	4	2
tt14074222	tt5171438	4	3
tt14074224	tt5171438	4	4
tt14074226	tt5171438	4	5
tt14080498	tt9795876	1	2
tt14145492	tt5171438	4	7
tt14419876	tt9795876	1	3
tt14419878	tt9795876	1	4
tt14419882	tt9795876	1	5
tt14419886	tt9795876	1	6
tt14419888	tt9795876	1	7
tt14419890	tt9795876	1	8
tt14419894	tt9795876	1	9
tt14426230	tt12327578	1	2
tt14426234	tt12327578	1	3
tt14426238	tt12327578	1	4
tt14426240	tt12327578	1	5
tt14426244	tt12327578	1	6
tt14426852	tt12327578	1	7
tt14426856	tt12327578	1	8
tt14426858	tt12327578	1	9
tt14426860	tt12327578	1	10
tt14435038	tt8806524	2	2
tt14435136	tt8806524	2	3
tt14435140	tt8806524	2	4
tt14435150	tt8806524	2	5
tt14435154	tt8806524	2	6
tt14435168	tt8806524	2	9
tt14435170	tt8806524	2	7
tt14435178	tt8806524	2	10
tt14440086	tt8806524	2	8
tt14443196	tt9184820	3	1
tt15170308	tt5171438	4	8
tt15170312	tt5171438	4	9
tt15170316	tt5171438	4	10
tt15170318	tt5171438	4	11
tt15192082	tt9184820	3	2
tt15192086	tt9184820	3	3
tt15192088	tt9184820	3	4
tt15192092	tt9184820	3	5
tt15192096	tt9184820	3	6
tt15192098	tt9184820	3	7
tt15192104	tt9184820	3	8
tt15192112	tt9184820	3	9
tt15192114	tt9184820	3	10
tt15393200	tt8806524	3	1
tt15906704	tt9795876	1	10
tt15906800	tt9795876	2	1
tt17079354	tt9184820	4	1
tt17079868	tt5171438	5	1
tt17079894	tt12327578	2	1
tt17080342	tt9795876	1	11
tt17080350	tt9795876	1	12
tt17080362	tt9795876	1	13
tt17080364	tt9795876	1	14
tt17080370	tt9795876	1	15
tt17080382	tt9795876	1	16
tt17080386	tt9795876	1	17
tt17080392	tt9795876	1	18
tt17080400	tt9795876	1	19
tt17080404	tt9795876	1	20
tt18298648	tt5171438	4	12
tt18298656	tt5171438	4	13
tt18969462	tt12327578	2	3
tt18971274	tt12327578	2	2
tt19402762	tt8806524	3	3
tt22012530	tt8806524	3	4
tt22012534	tt8806524	3	6
tt22012536	tt8806524	3	7
tt22012632	tt8806524	3	2
tt22012754	tt8806524	3	5
tt22012816	tt8806524	3	8
tt22012822	tt8806524	3	9
tt22012830	tt8806524	3	10
tt22805714	tt12327578	2	4
tt22805720	tt12327578	2	5
tt22805736	tt12327578	2	6
tt22805748	tt12327578	2	7
tt22805752	tt12327578	2	8
tt22805762	tt12327578	2	9
tt22805766	tt12327578	2	10
tt22805844	tt9184820	4	2
tt22805852	tt9184820	4	3
tt22805878	tt9184820	4	4
tt22805896	tt9184820	4	5
tt22805908	tt9184820	4	6
tt22805912	tt9184820	4	7
tt22805920	tt9184820	4	8
tt22805930	tt9184820	4	9
tt22805942	tt9184820	4	10
tt25396064	tt0244365	1	2
tt26965202	tt5171438	5	10
tt26965285	tt5171438	5	2
tt26965512	tt5171438	5	6
tt26965515	tt5171438	5	4
tt26965557	tt5171438	5	3
tt26965558	tt5171438	5	7
tt26965613	tt5171438	5	5
tt26965666	tt5171438	5	8
tt26965683	tt5171438	5	9
tt27335023	tt12327578	3	1
tt27335038	tt12327578	3	2
tt27335045	tt12327578	3	3
tt27335085	tt12327578	3	4
tt27335167	tt12327578	3	5
tt27335229	tt12327578	3	6
tt27335310	tt12327578	3	7
tt27335395	tt12327578	3	8
tt27335500	tt12327578	3	9
tt27335626	tt12327578	3	10
tt27336105	tt9184820	5	1
tt27336117	tt9184820	5	2
tt27336118	tt9184820	5	3
tt27336119	tt9184820	5	4
tt27336122	tt9184820	5	5
tt27336123	tt9184820	5	6
tt27336125	tt9184820	5	7
tt27336126	tt9184820	5	8
tt27336127	tt9184820	5	9
tt27336129	tt9184820	5	10
tt28813869	tt9795876	2	2
tt28813877	tt9795876	2	3
tt28813889	tt9795876	2	4
tt28813894	tt9795876	2	5
tt28813900	tt9795876	2	6
tt28813904	tt9795876	2	7
tt28813909	tt9795876	2	8
tt28813914	tt9795876	2	9
tt28814013	tt9795876	2	10
tt28814017	tt9795876	2	11
tt28814026	tt9795876	2	12
tt28814041	tt9795876	2	13
tt28814044	tt9795876	2	14
tt28814045	tt9795876	2	15
tt28814051	tt9795876	2	16
tt28814058	tt9795876	2	17
tt28814062	tt9795876	2	18
tt28814072	tt9795876	2	19
tt28814073	tt9795876	2	20
tt32103346	tt12327578	4	1
tt36298580	tt12327578	4	4
tt37230754	tt12327578	4	2
tt37230760	tt12327578	4	3
tt37231032	tt12327578	4	5
tt37231044	tt12327578	4	6
tt37231059	tt12327578	4	7
tt37231063	tt12327578	4	8
tt37231069	tt12327578	4	9
tt37231094	tt12327578	4	10
tt37275104	tt12327578	5	2
tt37275107	tt12327578	5	3
tt37275112	tt12327578	5	4
tt37275116	tt12327578	5	5
tt37275124	tt12327578	5	6
tt37275143	tt12327578	5	1
tt5509372	tt5171438	1	1
tt5835712	tt5171438	1	2
tt5835714	tt5171438	1	3
tt5870994	tt5171438	1	4
tt5870996	tt5171438	1	5
tt5870998	tt5171438	1	6
tt5884346	tt5171438	1	7
tt5888594	tt5171438	1	8
tt5890578	tt5171438	1	9
tt6011050	tt5171438	1	10
tt6011052	tt5171438	1	11
tt6011054	tt5171438	1	12
tt6011058	tt5171438	1	13
tt6902342	tt5171438	1	14
tt6902346	tt5171438	1	15
tt7562000	tt5171438	2	1
tt8201650	tt5171438	2	4
tt8282868	tt5171438	2	2
tt8282872	tt5171438	2	10
tt8288432	tt5171438	2	3
tt8288434	tt5171438	2	5
tt8288436	tt5171438	2	6
tt8288438	tt5171438	2	7
tt8288440	tt5171438	2	8
tt8288442	tt5171438	2	11
tt8288444	tt5171438	2	9
tt8288446	tt5171438	2	12
tt8288448	tt5171438	2	13
tt9059596	tt9059594	1	1
tt9059606	tt9059594	1	2
tt9059608	tt9059594	1	3
tt9059610	tt9059594	1	4
tt9207516	tt9184820	1	1
tt9207518	tt9184820	1	2
tt9207520	tt9184820	1	3
tt9207522	tt9184820	1	4
tt9207524	tt9184820	1	5
tt9207526	tt9184820	1	6
tt9207528	tt9184820	1	7
tt9207530	tt9184820	1	8
tt9207532	tt9184820	1	9
tt9207534	tt9184820	1	10
tt9207540	tt9184820	2	1
tt9207542	tt9184820	2	2
tt9207544	tt9184820	2	3
tt9207546	tt9184820	2	4
tt9207548	tt9184820	2	5
tt9207550	tt9184820	2	6
tt9207552	tt9184820	2	7
tt9207554	tt9184820	2	8
tt9207556	tt9184820	2	9
tt9207558	tt9184820	2	10
tt9381924	tt8806524	1	1
tt9420276	tt8806524	1	2
tt9420278	tt8806524	1	3
tt9420280	tt8806524	1	4
tt9420282	tt8806524	1	5
tt9420284	tt8806524	1	6
tt9420288	tt8806524	1	7
tt9420290	tt8806524	1	8
tt9572608	tt5171438	2	14
tt9877958	tt5171438	3	1
